host_id,edge_id,source_ip_risk,destination_ip_risk,vulnerability_score,privilege_level,connection_type,anomaly_score,failed_login_attempts,suspicious_process,lateral_movement
103,32,0.85709694,0.284871207,2,low,api,0.405914343,9,0,0
180,55,0.817107099,0.752473091,8,low,rdp,0.920862092,9,0,1
93,352,0.448346471,0.030605496,2,medium,rdp,0.080560799,8,1,0
15,389,0.489238861,0.283311335,3,low,ssh,0.777134053,18,1,0
107,36,0.217748705,0.498633506,8,medium,rdp,0.395534396,10,0,0
72,110,0.07830167,0.045059582,3,low,smb,0.81126285,5,0,0
189,490,0.573431825,0.186034061,2,low,ssh,0.513402185,1,0,0
21,177,0.098344922,0.934536982,6,medium,rdp,0.039282039,9,0,0
103,362,0.449274547,0.976834265,5,medium,ssh,0.946205885,14,0,1
122,314,0.940497199,0.739749947,0,low,smb,0.082734063,4,0,0
75,295,0.952834389,0.252200051,9,low,rdp,0.597683503,17,0,1
88,336,0.239332287,0.260517445,7,high,ssh,0.877667763,6,0,0
117,97,0.62411342,0.645790358,0,medium,rdp,0.079769798,2,0,0
100,369,0.474076264,0.117599617,3,low,ssh,0.553893388,15,1,0
104,213,0.875685128,0.94830938,5,low,ssh,0.824289876,16,1,1
152,317,0.271430864,0.2248129,5,low,smb,0.986324709,1,0,0
131,137,0.003702407,0.999635625,6,low,smb,0.724327401,15,0,0
150,6,0.162561206,0.495733795,4,medium,rdp,0.278334375,19,0,0
53,499,0.349522801,0.771429989,4,medium,api,0.69957033,0,0,0
2,109,0.31572113,0.002184095,3,medium,rdp,0.705766769,13,0,0
88,35,0.791362919,0.888746405,5,low,ssh,0.699966012,15,0,1
158,39,0.680560666,0.270002045,6,high,smb,0.854260437,8,0,0
38,150,0.29955632,0.667936745,9,low,smb,0.087380063,16,1,1
130,425,0.457743817,0.806355281,9,high,ssh,0.108419845,7,0,0
192,118,0.095559104,0.164147741,0,low,api,0.640617124,8,0,0
188,261,0.898146445,0.442509481,8,low,smb,0.953881096,1,0,1
21,426,0.935424824,0.493835941,7,medium,api,0.465838639,12,0,1
161,87,0.979803535,0.312119465,6,low,smb,0.960562702,0,0,0
58,465,0.868552831,0.48175583,8,medium,ssh,0.93808526,6,0,1
22,76,0.173960888,0.317545658,2,medium,rdp,0.902909738,17,0,0
89,471,0.046196483,0.360747745,9,low,rdp,0.909850975,4,1,0
49,464,0.579596727,0.669331179,3,medium,api,0.898318793,6,0,0
59,451,0.912605027,0.632593268,6,low,rdp,0.819889384,11,0,1
170,414,0.177351362,0.232265726,5,low,ssh,0.694978959,16,0,0
188,313,0.007042915,0.897482885,1,high,rdp,0.024408179,4,0,0
15,383,0.805496046,0.862788546,1,high,api,0.132253592,11,0,1
190,214,0.076795684,0.509083307,9,low,ssh,0.134232055,18,0,0
190,457,0.413706032,0.433250743,6,low,ssh,0.023540284,12,0,0
175,285,0.678887337,0.376855983,8,low,smb,0.116701768,15,1,1
190,239,0.236797585,0.707267919,8,medium,smb,0.919746434,18,0,0
51,165,0.083962563,0.671666057,6,high,rdp,0.663804287,9,0,0
108,87,0.770021228,0.196180607,7,low,api,0.312073018,11,0,0
55,141,0.630175085,0.671458031,9,medium,ssh,0.793360012,6,0,1
64,160,0.988490484,0.252431194,2,low,rdp,0.488369487,13,0,0
131,46,0.344308033,0.018558337,0,low,rdp,0.142127037,9,0,0
51,372,0.061762386,0.699208678,6,high,smb,0.884502081,7,0,0
135,495,0.734350035,0.644793602,7,low,rdp,0.338661946,14,0,1
21,112,0.521733419,0.410809262,1,low,rdp,0.698859231,15,0,0
73,407,0.213203931,0.525686056,8,medium,smb,0.29059416,7,0,0
167,45,0.781728989,0.947169192,3,low,rdp,0.500071251,3,0,1
18,401,0.203755486,0.595200181,9,low,rdp,0.816252712,16,0,0
132,247,0.260661655,0.657883935,8,high,ssh,0.156777346,3,0,0
89,104,0.092528554,0.063911321,2,medium,rdp,0.977251395,10,0,0
60,85,0.399432279,0.165994461,7,medium,smb,0.070215923,12,1,0
14,450,0.418929224,0.300952276,1,low,smb,0.53400891,5,0,0
9,485,0.51456179,0.539379318,2,low,ssh,0.916025519,13,0,0
90,134,0.708964267,0.776590896,0,high,smb,0.945693885,6,0,1
53,108,0.906100929,0.321240878,4,low,smb,0.232108963,11,0,0
130,18,0.137734099,0.35638243,3,low,smb,0.143984981,0,0,0
84,94,0.054348098,0.256150885,0,low,rdp,0.724403,9,0,0
92,150,0.018531234,0.254609329,9,low,ssh,0.041973568,0,0,0
111,246,0.143621378,0.948863846,8,low,api,0.485238969,15,0,0
188,289,0.657949486,0.63545718,5,high,ssh,0.796355227,6,0,0
199,414,0.727477078,0.155901244,5,high,ssh,0.560254725,19,0,0
172,209,0.786505714,0.722248578,1,medium,ssh,0.188013266,5,0,0
8,126,0.243708212,0.722021143,6,medium,api,0.487044299,17,0,0
175,235,0.305894813,0.666470196,8,high,api,0.921274716,19,0,1
35,416,0.483134646,0.134720445,5,medium,smb,0.617212978,3,0,0
81,426,0.063183097,0.407991483,7,low,rdp,0.721490628,15,0,0
164,499,0.611141523,0.10675633,4,low,smb,0.33626388,0,0,0
50,462,0.983735034,0.816620504,1,low,smb,0.188483775,19,0,1
104,122,0.360806311,0.655172143,3,low,api,0.25564223,1,0,0
132,138,0.752847475,0.507203937,0,low,smb,0.533177594,15,0,0
2,495,0.500033916,0.343015477,0,low,smb,0.280220154,8,0,0
134,115,0.127811844,0.184249474,5,low,api,0.541964787,14,0,0
54,420,0.582237449,0.106447589,1,low,ssh,0.707791927,15,0,0
106,162,0.299874268,0.969240608,5,low,ssh,0.734395876,8,0,0
4,201,0.034403208,0.199648642,0,low,api,0.16468494,6,0,0
54,234,0.63492973,0.059874627,9,medium,rdp,0.750430849,9,1,0
191,28,0.858932349,0.961666772,2,low,smb,0.67268814,6,1,1
146,11,0.344769767,0.548951741,8,medium,ssh,0.012005133,12,0,0
44,206,0.390295547,0.796656735,1,high,api,0.058872175,1,0,0
162,167,0.891021683,0.043765847,7,medium,rdp,0.646249502,11,0,0
190,247,0.813608813,0.566945857,5,medium,smb,0.3837039,12,0,1
14,47,0.714952824,0.398209964,5,high,api,0.146104,2,0,0
95,246,0.248797064,0.771964434,6,low,api,0.044396559,10,0,0
48,127,0.910216655,0.038425646,4,high,api,0.159398341,7,0,0
15,147,0.154415758,0.401690569,3,medium,smb,0.957513964,10,0,0
190,118,0.626770519,0.799073419,5,medium,ssh,0.727565642,17,1,1
40,399,0.028801181,0.522697265,7,low,smb,0.527705421,6,0,0
82,382,0.643719806,0.550038741,3,low,smb,0.9415405,11,0,0
111,412,0.277144352,0.097164682,4,medium,ssh,0.619110438,5,0,0
53,152,0.449676977,0.132330556,6,medium,api,0.725645188,9,0,0
24,72,0.345264552,0.676999605,5,medium,rdp,0.282651819,19,0,0
154,363,0.172756756,0.675046622,3,low,rdp,0.588981844,14,0,0
188,137,0.62198079,0.979103394,3,low,ssh,0.143477244,19,1,1
124,175,0.881975555,0.711952988,9,low,ssh,0.404483145,14,0,1
41,289,0.959084242,0.493243496,3,low,api,0.033240325,18,0,1
157,446,0.192346363,0.857327824,0,low,rdp,0.216628088,5,0,0
15,481,0.717372774,0.104472986,4,low,rdp,0.074868629,18,0,0
45,19,0.664339367,0.449295821,7,low,api,0.38777882,14,0,0
65,195,0.34337779,0.287109111,6,low,ssh,0.843035165,19,0,0
89,330,0.019099199,0.104637807,4,low,ssh,0.377934106,19,0,0
71,424,0.689791247,0.763502085,2,high,api,0.831639626,17,0,1
9,175,0.945494861,0.51079203,0,medium,ssh,0.656498313,1,0,0
88,490,0.632120122,0.55676872,6,medium,smb,0.509529447,6,0,0
129,449,0.435292724,0.411255188,2,low,ssh,0.236891693,4,0,0
136,413,0.525153894,0.460337232,3,medium,smb,0.922156093,2,0,0
63,434,0.199628808,0.116017387,4,low,rdp,0.054200809,5,0,0
139,354,0.750544164,0.672917824,7,high,rdp,0.688913018,5,1,1
81,499,0.74641983,0.43244736,6,medium,ssh,0.621239893,0,0,0
136,141,0.1455173,0.816767573,8,medium,api,0.441041522,18,0,0
163,246,0.877978382,0.1962872,2,high,ssh,0.240320955,11,0,0
163,385,0.269189739,0.205055093,9,low,api,0.430695937,4,1,0
33,418,0.982256061,0.645759572,0,low,rdp,0.872772726,6,0,1
123,93,0.382903014,0.846003423,0,medium,rdp,0.83676611,19,0,0
5,432,0.177884059,0.472197839,9,low,rdp,0.94138125,7,0,0
41,239,0.351720111,0.726953869,0,low,api,0.307793207,18,0,0
28,205,0.440180329,0.999329921,1,medium,api,0.387104158,5,0,0
135,48,0.069307773,0.99026564,1,low,rdp,0.018726153,14,0,0
72,433,0.578218381,0.744336843,6,medium,ssh,0.942949995,5,1,1
12,245,0.59763244,0.73958649,8,high,api,0.329390092,8,1,1
162,320,0.738930455,0.247618887,7,low,smb,0.404163822,3,0,0
33,317,0.029169892,0.833539632,3,low,rdp,0.907804611,15,1,1
48,413,0.541238214,0.405102127,1,low,api,0.52659843,9,0,0
151,295,0.052907433,0.96199391,2,low,rdp,0.566174542,0,0,0
62,128,0.70114422,0.081427689,9,low,smb,0.176232838,10,0,0
37,344,0.055727986,0.435840369,4,low,ssh,0.498660021,16,0,0
99,282,0.911727848,0.555840488,8,low,smb,0.918208601,17,0,1
172,17,0.702082567,0.405156207,7,low,ssh,0.558718088,19,1,1
104,71,0.507389765,0.210579191,2,medium,ssh,0.255116365,19,0,0
35,269,0.441503923,0.592988489,8,high,api,0.031180864,14,0,0
193,325,0.13067263,0.755917915,9,medium,ssh,0.336301773,5,0,0
101,282,0.29099939,0.644838596,2,low,ssh,0.572590914,15,0,0
175,305,0.868959105,0.234448849,9,low,ssh,0.042613288,1,0,0
131,451,0.904452812,0.731607944,7,medium,rdp,0.609792577,2,0,1
1,7,0.000747708,0.256897806,0,low,api,0.523413827,16,1,0
5,314,0.594136391,0.175202363,3,low,api,0.783435469,7,1,0
142,305,0.719300609,0.690668015,3,medium,ssh,0.028888172,19,0,1
103,103,0.618746982,0.842787246,5,low,rdp,0.780847345,14,0,1
27,309,0.081679765,0.481539448,1,low,ssh,0.520877046,12,0,0
137,193,0.217724899,0.531391793,6,high,api,0.370529333,18,0,0
15,241,0.250340267,0.30274757,4,high,api,0.965382976,0,0,0
90,62,0.831724631,0.494618015,9,low,api,0.160119547,11,1,1
42,17,0.463199436,0.131982998,5,low,api,0.541325119,17,0,0
124,171,0.486828212,0.95583083,5,medium,rdp,0.320981474,17,0,1
179,25,0.934893047,0.800360654,5,medium,smb,0.527486379,2,0,1
63,251,0.637085889,0.667973061,9,low,smb,0.552275453,17,0,1
96,253,0.898667702,0.538194372,7,medium,rdp,0.089448248,16,0,1
52,387,0.456508855,0.792169136,9,high,ssh,0.661135147,10,0,1
96,207,0.149436259,0.49475724,3,low,api,0.634481496,4,1,0
132,29,0.929935594,0.299973908,9,high,api,0.769467275,6,0,1
151,117,0.458705116,0.160374235,7,high,api,0.090658494,17,0,0
143,491,0.181631422,0.647585589,8,low,rdp,0.297258547,6,0,0
171,416,0.30239574,0.929425745,3,medium,rdp,0.6501106,17,0,0
29,282,0.05080259,0.153618554,0,low,api,0.136730826,1,0,0
36,380,0.468300591,0.180018045,2,medium,api,0.677598211,5,0,0
13,144,0.853128172,0.433606033,0,medium,ssh,0.059026711,7,0,0
160,25,0.933580456,0.806899348,6,low,smb,0.334931553,16,0,1
71,310,0.932602208,0.293922729,0,medium,rdp,0.846711122,3,0,0
187,156,0.125230026,0.253912925,3,medium,smb,0.77429129,16,1,0
86,73,0.382053883,0.619966291,0,low,api,0.644760715,15,0,0
28,120,0.02822876,0.535614782,1,low,smb,0.870458417,14,0,0
66,312,0.855165345,0.060220364,0,low,smb,0.709269544,14,0,0
170,321,0.358755762,0.081489977,4,medium,rdp,0.519375105,7,0,0
45,93,0.631117028,0.64301298,6,high,rdp,0.9797175,16,0,1
62,86,0.714898438,0.465123599,2,medium,ssh,0.69485608,18,0,0
185,336,0.42984467,0.970977192,7,low,api,0.601367177,0,1,1
134,425,0.306442337,0.678531411,4,low,ssh,0.408870561,12,0,0
28,499,0.96221291,0.010073662,4,low,rdp,0.902412499,5,0,0
28,364,0.964488225,0.48101878,4,low,ssh,0.295709096,9,0,0
108,435,0.289436368,0.414447935,7,low,smb,0.009219594,0,0,0
44,118,0.479625097,0.10671386,1,low,smb,0.196740522,11,1,0
84,233,0.972844159,0.923208836,1,low,rdp,0.109517492,18,0,1
30,199,0.004868408,0.805011299,7,high,smb,0.318993774,14,0,0
190,206,0.412678248,0.230085908,8,medium,api,0.825878677,4,0,0
75,413,0.10045755,0.255980759,9,medium,rdp,0.651529685,1,0,0
128,339,0.509157966,0.032018053,9,low,api,0.168980589,18,0,0
92,147,0.024669955,0.296717452,1,high,rdp,0.788821721,13,0,0
190,450,0.406898431,0.584622009,3,medium,rdp,0.504219866,8,0,0
129,425,0.220699075,0.420843388,7,high,smb,0.512714624,0,0,0
121,429,0.533308362,0.969255464,1,low,rdp,0.362112181,12,0,1
27,271,0.995993649,0.056080169,3,low,rdp,0.864616365,16,0,0
190,387,0.800536105,0.591430159,9,low,ssh,0.318327304,1,0,0
121,139,0.845642092,0.858309441,0,low,smb,0.094139761,13,0,1
116,181,0.635264987,0.480740912,1,medium,api,0.302728994,19,0,0
3,430,0.041559848,0.002962721,6,high,rdp,0.715353546,5,0,0
103,30,0.206797676,0.2428015,0,low,api,0.657581887,5,0,0
198,57,0.925064556,0.323768976,0,low,ssh,0.188017154,17,0,0
155,232,0.366113118,0.965994495,1,medium,rdp,0.111784299,18,0,0
137,146,0.103636726,0.911773282,3,low,api,0.660865758,8,0,0
62,435,0.702405366,0.949170505,6,medium,smb,0.676376836,14,1,1
165,384,0.299457724,0.825758458,3,medium,ssh,0.366149637,6,0,0
51,48,0.268856913,0.351647734,4,low,ssh,0.842801384,5,0,0
172,194,0.997977456,0.905876422,3,medium,api,0.978205204,4,0,1
152,224,0.858138925,0.981684506,3,low,rdp,0.205645223,18,0,1
59,136,0.407937818,0.350071312,8,high,rdp,0.577068716,19,0,0
118,22,0.980261208,0.260555966,5,medium,smb,0.005346329,0,0,0
160,6,0.650113223,0.546916293,2,high,smb,0.713054396,6,0,0
96,204,0.742022452,0.187152193,5,low,rdp,0.414282114,17,0,0
180,239,0.031513043,0.032624221,6,low,ssh,0.193269227,7,1,0
113,185,0.121605259,0.945831171,6,low,smb,0.752221922,11,0,0
62,360,0.633085126,0.925740632,7,low,smb,0.810648798,9,0,1
186,292,0.899023983,0.162653854,3,high,ssh,0.111166501,5,0,0
52,335,0.623743726,0.407740247,0,low,rdp,0.040995762,15,0,0
12,220,0.134024894,0.831036313,5,medium,api,0.334078442,18,1,1
39,116,0.115760046,0.661000299,7,low,smb,0.625990466,17,0,0
130,313,0.844185896,0.394787509,4,low,ssh,0.793419527,12,0,1
131,49,0.139302339,0.744170997,2,high,smb,0.546062497,19,0,0
113,173,0.520231961,0.897047388,3,low,ssh,0.580748776,6,1,1
101,82,0.03711332,0.926158331,7,medium,smb,0.799858222,6,1,1
113,322,0.080669767,0.378849612,5,low,rdp,0.528843374,15,0,0
184,333,0.672348268,0.17356068,4,high,ssh,0.61115449,9,0,0
81,45,0.68918141,0.912838858,8,medium,api,0.51621734,14,0,1
187,335,0.341469407,0.092555446,9,medium,api,0.880458233,13,0,0
113,20,0.215609765,0.721688391,2,low,smb,0.235516619,11,0,0
2,448,0.813710271,0.140497315,6,low,api,0.263993585,14,0,0
130,221,0.217103229,0.389386855,8,high,smb,0.127961462,7,1,0
54,123,0.54202707,0.411555747,3,high,ssh,0.819466751,6,0,0
87,234,0.968208841,0.158757915,9,low,ssh,0.411777291,8,0,0
129,221,0.147852438,0.922681434,9,low,api,0.347893941,13,0,0
147,323,0.940876267,0.002668168,2,low,api,0.981348717,6,1,0
126,339,0.182893053,0.893808543,0,low,rdp,0.926803366,11,0,0
130,3,0.567443208,0.883829323,8,medium,ssh,0.971987682,13,1,1
53,182,0.377007712,0.316963654,0,low,api,0.142298997,10,0,0
172,206,0.964928602,0.70428427,1,low,api,0.891251813,18,0,1
160,320,0.273542029,0.252808911,8,medium,api,0.328709599,5,0,0
198,40,0.399658002,0.758773562,4,low,smb,0.01265677,2,0,0
160,59,0.982860118,0.561119742,3,medium,rdp,0.391298336,5,0,1
68,439,0.536470391,0.300225454,8,high,ssh,0.509196353,8,1,0
183,62,0.502630116,0.400234754,8,low,api,0.108220424,1,0,0
184,132,0.257778488,0.689888732,1,medium,api,0.537677617,5,0,0
123,60,0.70136356,0.90609745,2,low,api,0.819463584,13,0,1
145,372,0.014372952,0.130726517,2,low,smb,0.377650951,18,0,0
38,331,0.04951263,0.57136397,4,low,ssh,0.352644807,3,0,0
24,122,0.599358587,0.253729199,2,low,api,0.33881042,13,0,0
69,479,0.341674574,0.80137225,9,low,api,0.923094446,9,0,1
116,107,0.953316372,0.070237306,5,low,smb,0.048758099,5,0,0
98,96,0.903190691,0.68895579,1,high,smb,0.445076142,10,0,1
198,347,0.713706259,0.174946014,5,medium,rdp,0.264599454,12,0,0
139,414,0.818145581,0.596385418,5,high,rdp,0.893807025,17,0,1
144,235,0.66733185,0.835692587,1,medium,ssh,0.096052264,19,0,1
97,386,0.125582103,0.755080662,5,low,rdp,0.411442767,13,1,0
124,62,0.76554337,0.752942888,5,low,ssh,0.406816152,19,1,1
187,256,0.210191969,0.517845312,5,low,rdp,0.888394418,19,0,0
70,49,0.323442855,0.890745592,4,low,api,0.215493445,10,0,0
93,393,0.819234212,0.588105198,6,medium,rdp,0.64489541,4,0,1
3,348,0.536525608,0.917517969,4,low,api,0.134406127,7,0,0
148,159,0.859940714,0.546522458,0,low,ssh,0.953975714,3,0,0
187,124,0.21303532,0.505965563,8,low,rdp,0.593014959,11,0,0
164,482,0.607778439,0.222353019,2,low,rdp,0.62625673,5,0,0
147,317,0.083790973,0.544786654,1,low,rdp,0.433773402,7,0,0
90,207,0.643060994,0.140584831,9,low,api,0.342282713,3,1,0
195,48,0.762534038,0.869690201,5,medium,api,0.212676429,19,0,1
147,409,0.584930894,0.675891889,7,low,rdp,0.603987754,9,0,1
148,420,0.266231501,0.993635448,1,medium,ssh,0.954561745,10,0,0
96,136,0.031342669,0.092097428,3,low,api,0.359790954,14,1,0
199,201,0.119448884,0.24067275,1,low,smb,0.883156889,4,1,0
52,250,0.622302979,0.877158604,8,medium,ssh,0.148776313,2,0,1
161,314,0.934420217,0.3952541,9,medium,ssh,0.936126021,14,0,1
168,357,0.206534404,0.46630299,1,low,ssh,0.350486284,1,0,0
128,368,0.735026149,0.860651887,9,high,api,0.379727212,1,0,1
39,429,0.866451063,0.521823225,1,low,rdp,0.462842257,7,0,0
82,318,0.520882178,0.193475849,4,low,rdp,0.71824427,13,0,0
104,295,0.669265796,0.892030115,4,medium,smb,0.719653434,8,0,1
129,480,0.815015317,0.031061656,6,medium,rdp,0.479588585,4,0,0
11,314,0.260675158,0.895396268,0,low,smb,0.523152899,11,0,0
185,209,0.296895674,0.050520227,1,low,smb,0.030010488,9,0,0
178,355,0.000627517,0.665849365,5,high,rdp,0.304296702,0,0,0
151,485,0.963094131,0.07167938,1,low,smb,0.346017074,18,1,0
159,211,0.917544895,0.706212986,3,low,ssh,0.558727269,10,0,1
42,192,0.764568264,0.033971321,9,low,ssh,0.558299767,16,0,0
99,44,0.079076021,0.842457728,5,high,ssh,0.709899798,2,0,0
7,29,0.44750289,0.465943951,6,low,api,0.717027296,0,0,0
144,59,0.101891754,0.093453913,9,medium,smb,0.235210724,16,0,0
90,71,0.015920267,0.706819445,4,medium,smb,0.770187151,5,0,0
112,92,0.616182965,0.489290158,7,low,ssh,0.019603568,12,0,0
60,265,0.960829417,0.190948859,5,medium,api,0.716161885,19,0,1
113,383,0.902868023,0.015672374,4,high,rdp,0.102061104,3,1,0
2,220,0.696754815,0.41799826,3,low,ssh,0.729648208,4,1,1
129,390,0.096640584,0.085629231,5,low,api,0.527118091,14,1,0
48,413,0.274164038,0.094169698,5,high,rdp,0.437254501,13,1,0
140,442,0.320056727,0.267329548,5,medium,api,0.69066639,18,0,0
197,401,0.763150058,0.630458297,0,low,rdp,0.036370834,14,0,0
37,400,0.802249179,0.529910609,5,medium,smb,0.223470326,11,1,1
160,215,0.385106123,0.068987308,0,medium,smb,0.616440142,17,0,0
9,479,0.417883997,0.968431276,4,medium,api,0.847215407,13,0,1
99,387,0.044509039,0.887168688,6,high,api,0.381107637,9,0,0
147,277,0.289136718,0.259225487,0,low,rdp,0.258761473,7,0,0
48,64,0.451285177,0.122338576,0,low,api,0.518736436,3,0,0
131,346,0.116983046,0.942402865,5,medium,api,0.622315252,17,0,0
148,292,0.453267461,0.461141778,6,low,rdp,0.420103031,7,0,0
152,490,0.853175812,0.311166965,5,medium,rdp,0.876710683,3,0,0
54,485,0.58132102,0.490358035,4,low,smb,0.523438709,10,1,1
120,245,0.078929855,0.772744145,5,low,ssh,0.035823588,4,0,0
161,470,0.191671319,0.168385298,2,low,api,0.223053955,9,0,0
152,62,0.47454435,0.767495834,8,medium,rdp,0.450647031,5,0,0
116,426,0.36148715,0.749446788,4,medium,smb,0.697725519,3,0,0
75,332,0.35872702,0.539348205,1,low,ssh,0.219752244,17,0,0
113,170,0.529267448,0.865842289,9,low,api,0.97625744,16,1,1
164,445,0.584395922,0.132143378,9,low,smb,0.318558258,6,0,0
166,269,0.79686157,0.595479007,6,medium,ssh,0.532480207,8,0,1
104,267,0.340966563,0.449343053,2,low,api,0.018966385,2,0,0
84,54,0.805466283,0.422292113,0,medium,smb,0.884890721,8,0,0
112,16,0.338611229,0.252561071,2,low,api,0.788834654,3,0,0
99,8,0.055432989,0.372279657,8,low,ssh,0.195458004,18,0,0
153,104,0.554187651,0.108150756,4,medium,rdp,0.933236691,8,0,0
93,59,0.587902325,0.25159897,6,low,smb,0.315839764,19,0,0
146,313,0.934540246,0.271965108,2,low,ssh,0.692186288,5,0,0
128,40,0.726061326,0.720667867,3,low,api,0.818976318,10,0,1
110,237,0.917772652,0.048550427,0,low,ssh,0.740914461,14,0,0
82,443,0.90834721,0.651192308,2,low,ssh,0.917582784,5,0,1
194,386,0.60457411,0.22140991,6,low,rdp,0.86427476,19,1,1
54,94,0.527762065,0.081861506,3,medium,smb,0.994611514,9,0,0
163,222,0.557440967,0.300806161,1,medium,ssh,0.182611413,17,0,0
189,204,0.978330808,0.224472869,4,medium,rdp,0.304761801,15,0,0
169,138,0.773167692,0.552032376,4,low,rdp,0.636225867,3,0,0
161,300,0.106265905,0.357376403,1,medium,rdp,0.733047186,19,0,0
68,395,0.778428407,0.965993742,5,medium,api,0.534605055,12,0,1
33,207,0.170538049,0.963549599,9,low,rdp,0.073928365,4,0,0
142,336,0.447350549,0.443715269,3,medium,rdp,0.841595227,19,0,0
21,81,0.210459672,0.795087461,0,high,rdp,0.960874356,18,0,0
48,218,0.689583066,0.013268541,2,low,rdp,0.405516844,17,0,0
148,2,0.877309736,0.547811585,8,high,smb,0.224812482,19,0,1
128,178,0.290361885,0.743299172,9,low,smb,0.019313755,16,0,0
136,396,0.082010741,0.216943225,6,low,rdp,0.237299036,15,0,0
135,371,0.298493098,0.061171755,5,low,ssh,0.699918775,0,0,0
195,346,0.672361858,0.155918936,0,medium,api,0.911589388,0,0,0
145,279,0.328760128,0.441848087,8,low,ssh,0.093513066,19,1,0
128,146,0.278112168,0.506371421,8,high,ssh,0.553259187,13,0,0
33,318,0.184435191,0.380885122,0,medium,rdp,0.695531249,1,0,0
176,224,0.497516427,0.439973767,5,medium,ssh,0.276380821,14,0,0
187,369,0.275948828,0.47023496,6,low,smb,0.569897039,2,0,0
115,384,0.731010349,0.769436662,1,high,smb,0.715248426,12,0,1
119,62,0.076622402,0.105241898,9,medium,api,0.837719243,18,0,0
22,294,0.664033033,0.768950467,7,low,smb,0.452499851,0,0,0
158,239,0.237560015,0.688627302,7,medium,smb,0.747857219,12,1,1
38,195,0.489279261,0.741660809,5,medium,rdp,0.301782972,14,0,0
109,166,0.286089922,0.734468386,8,medium,smb,0.213046747,15,0,0
51,451,0.722768676,0.470591816,2,low,ssh,0.187313746,10,0,0
182,222,0.94530704,0.211400185,1,low,ssh,0.358872732,2,0,0
8,61,0.917076779,0.536628904,1,low,smb,0.035879682,7,0,0
27,129,0.583426215,0.957982054,5,low,api,0.282991838,5,0,1
27,478,0.462610303,0.588525681,6,medium,api,0.652222824,4,0,0
21,173,0.818300509,0.011047145,5,high,api,0.647919047,14,0,0
30,480,0.683326363,0.059710905,2,high,smb,0.073553806,8,0,0
97,156,0.183564114,0.992863434,4,medium,api,0.287415617,4,0,0
28,405,0.820919214,0.071946359,7,medium,smb,0.569557665,9,0,0
111,378,0.428884389,0.04604516,5,low,ssh,0.318552138,5,0,0
192,110,0.18898566,0.353024269,1,medium,api,0.417988024,10,0,0
197,269,0.28179735,0.969317203,6,low,api,0.712810757,3,0,0
61,411,0.26752703,0.318675154,7,low,api,0.009266829,19,0,0
48,356,0.519206975,0.409884131,3,medium,ssh,0.276393544,11,0,0
147,391,0.234370091,0.634077061,0,low,smb,0.142372244,19,0,0
4,278,0.123566487,0.024111839,1,low,ssh,0.127609183,5,0,0
35,74,0.123690851,0.897763578,3,medium,ssh,0.959040216,0,0,0
192,487,0.583276197,0.519443018,6,low,rdp,0.376560332,17,0,0
49,437,0.734759289,0.466810906,1,low,api,0.527088585,1,0,0
17,463,0.321533009,0.860726662,5,low,smb,0.733821887,4,0,0
172,207,0.03465071,0.953076589,1,low,smb,0.047447475,15,1,0
158,388,0.127224887,0.423425232,6,low,rdp,0.241022639,11,1,0
46,480,0.91469456,0.172441079,1,medium,rdp,0.832147787,11,0,0
117,279,0.49354366,0.81570927,2,low,ssh,0.861990613,10,0,0
6,375,0.45357281,0.403260421,8,medium,rdp,0.372950921,19,0,0
99,326,0.038049178,0.93554554,3,low,smb,0.3748616,18,0,0
124,472,0.728637022,0.949898984,4,low,smb,0.756896877,6,1,1
37,340,0.528068081,0.114829032,8,medium,smb,0.295070227,1,0,0
24,357,0.202080936,0.956553967,6,medium,ssh,0.117094081,5,0,0
93,340,0.11007376,0.368270325,7,medium,api,0.25753545,3,0,0
46,204,0.383387864,0.646252518,2,high,api,0.387344732,1,0,0
181,161,0.837161964,0.034750082,3,low,ssh,0.05220471,16,0,0
95,28,0.865294559,0.888884274,6,low,smb,0.478680254,7,0,1
99,392,0.60284638,0.641597329,3,high,smb,0.740007513,4,0,0
188,257,0.727536427,0.643554467,1,low,ssh,0.513745144,9,0,0
116,165,0.115155787,0.90217616,9,low,ssh,0.071895341,15,1,1
191,63,0.588126065,0.508347175,5,low,rdp,0.440149631,1,0,0
160,22,0.666965703,0.41051664,8,medium,ssh,0.708904608,18,0,1
161,70,0.200712843,0.866128752,1,low,api,0.058096654,6,0,0
67,381,0.880154733,0.742420512,0,low,ssh,0.05984719,1,0,0
128,405,0.194996738,0.948975665,7,low,smb,0.370601403,12,1,1
18,96,0.31347736,0.940121893,0,medium,smb,0.194963964,3,0,0
25,163,0.620556847,0.382326165,0,low,smb,0.934780791,15,0,0
54,79,0.638350065,0.44698629,2,low,api,0.581343604,9,0,0
58,5,0.699384741,0.255984954,4,medium,api,0.287325399,16,0,0
67,316,0.112011713,0.660647889,8,high,rdp,0.704776729,13,0,0
104,120,0.84946443,0.36454197,9,medium,ssh,0.374929051,11,0,0
174,302,0.532847132,0.786100647,1,medium,rdp,0.132115644,12,0,0
24,178,0.471321794,0.121550761,0,low,ssh,0.23723223,19,0,0
114,176,0.981097625,0.116402851,0,low,ssh,0.642747284,7,0,0
32,390,0.740378297,0.204455381,7,low,api,0.051876106,16,0,0
175,217,0.118006027,0.084292188,9,medium,smb,0.27268904,17,0,0
86,56,0.756539167,0.620031608,9,low,ssh,0.208311478,9,0,1
151,366,0.095248934,0.147352766,9,medium,api,0.201135111,12,0,0
194,187,0.027470563,0.159962917,1,high,rdp,0.682762412,1,0,0
127,232,0.403625895,0.014228224,8,low,smb,0.825816917,16,0,0
155,255,0.993578173,0.782090015,8,low,rdp,0.715866608,5,0,1
130,413,0.174883936,0.812296055,1,low,rdp,0.645727816,11,0,0
17,455,0.672644344,0.162022416,2,low,api,0.916451772,12,0,0
104,104,0.173396066,0.739524434,1,low,smb,0.05839238,3,0,0
161,77,0.724786975,0.433545123,5,high,ssh,0.167483086,14,1,1
137,230,0.505353668,0.239594883,6,low,rdp,0.414406856,15,0,0
43,402,0.67997171,0.621384608,5,low,ssh,0.372451644,18,0,1
176,258,0.202873176,0.178484074,2,low,smb,0.418051603,14,0,0
39,264,0.745628333,0.756883608,2,high,api,0.206454905,5,0,0
170,331,0.99561906,0.047615228,1,medium,api,0.149503316,19,0,0
26,481,0.665650501,0.959130933,1,high,api,0.509193247,5,0,1
99,182,0.493479998,0.071875254,4,high,ssh,0.928052524,4,0,0
50,381,0.923173989,0.579448419,7,low,ssh,0.391969462,1,0,1
153,256,0.015851842,0.90219429,5,low,smb,0.043353214,19,0,0
152,38,0.729923519,0.011904469,8,low,ssh,0.706167343,1,1,0
13,176,0.888746517,0.498514461,4,low,api,0.291104906,4,0,0
60,27,0.061674584,0.350006964,9,medium,rdp,0.245095007,2,1,0
135,276,0.45006417,0.58033219,3,low,rdp,0.324258001,5,0,0
57,140,0.204719454,0.225457387,8,low,rdp,0.723815524,10,0,0
36,299,0.566518166,0.064899217,9,medium,api,0.818819387,4,1,0
173,445,0.649542959,0.625933037,4,medium,ssh,0.588056067,17,0,1
20,287,0.302623183,0.416849239,0,medium,rdp,0.322478754,13,1,0
65,91,0.45998167,0.622485539,4,low,ssh,0.310478233,9,0,0
8,480,0.279339485,0.210539147,4,medium,ssh,0.12430835,2,0,0
144,61,0.369391164,0.338741263,4,low,api,0.933301048,15,0,0
142,458,0.159539957,0.561681389,1,low,ssh,0.638139399,15,0,0
115,451,0.885559444,0.593112778,5,medium,ssh,0.02697462,10,0,0
143,365,0.010010411,0.372314808,4,high,api,0.662367095,3,0,0
92,347,0.882409186,0.280053206,1,low,smb,0.447153424,10,1,1
98,163,0.571678878,0.273700629,9,low,rdp,0.972557963,7,0,0
66,351,0.331657844,0.174699351,7,low,rdp,0.819068825,15,0,0
32,143,0.723057125,0.325404962,5,low,ssh,0.171315754,7,0,0
191,400,0.507752152,0.199440337,9,high,smb,0.720111119,8,0,0
86,253,0.499108658,0.633815406,2,low,api,0.485566004,13,0,0
51,269,0.110142283,0.569066998,8,medium,ssh,0.187045164,7,0,0
153,369,0.389516026,0.382588824,3,medium,api,0.698739907,15,0,0
186,291,0.241064346,0.32583002,2,medium,rdp,0.547387579,1,0,0
63,459,0.015695906,0.2376142,6,low,api,0.030373879,19,0,0
190,187,0.360099631,0.535458309,7,low,rdp,0.646587951,18,0,0
125,405,0.089822129,0.918902764,6,low,api,0.63498709,19,1,1
150,499,0.256830038,0.685703051,0,low,api,0.144085161,19,1,0
58,438,0.092516621,0.744414714,0,low,smb,0.348987727,18,0,0
58,459,0.100941626,0.834377864,4,medium,api,0.585898971,18,0,0
86,414,0.199011294,0.351634973,7,low,ssh,0.138783014,17,0,0
49,304,0.999849244,0.062875782,9,medium,smb,0.852723378,12,0,1
180,291,0.002184143,0.622558803,2,low,ssh,0.027486046,16,1,0
170,86,0.638672636,0.188672291,7,medium,api,0.102837415,0,0,0
70,166,0.141243698,0.56904365,2,high,api,0.11610692,4,0,0
15,415,0.920628137,0.739510233,3,low,smb,0.528107126,19,0,1
54,462,0.093632893,0.783638302,9,high,rdp,0.620114012,12,1,1
188,408,0.955063187,0.30183912,6,medium,smb,0.403740797,5,0,0
101,114,0.610926387,0.512433233,2,medium,rdp,0.288666828,9,0,0
8,433,0.001268077,0.620965096,3,medium,rdp,0.809317376,8,0,0
53,480,0.894007198,0.819480722,7,low,api,0.068285984,5,0,1
60,356,0.521711801,0.761388665,3,low,ssh,0.280291861,0,0,0
108,416,0.262669735,0.987975321,8,low,smb,0.039115579,17,0,0
5,183,0.767279178,0.008084677,3,low,smb,0.013890135,6,0,0
103,207,0.926665554,0.437489441,3,high,api,0.353379887,9,1,1
196,256,0.483690823,0.256044486,4,medium,api,0.194823662,11,1,0
6,235,0.315553474,0.119893387,0,low,smb,0.268365855,14,0,0
109,442,0.788945124,0.911515328,6,medium,smb,0.820947157,16,0,1
116,355,0.681785498,0.997962066,8,medium,ssh,0.162980096,2,1,1
94,3,0.888752484,0.180596208,8,low,api,0.780233367,14,0,0
47,208,0.692514013,0.038433393,0,low,ssh,0.675050623,0,0,0
99,197,0.243528339,0.275054448,5,low,api,0.326445525,10,1,0
55,341,0.93165925,0.834861918,2,high,api,0.546556145,5,0,1
168,125,0.104835747,0.293890083,3,medium,ssh,0.44443561,15,0,0
52,138,0.26794275,0.05690148,7,low,rdp,0.128395315,11,0,0
144,339,0.520194608,0.052492184,3,low,rdp,0.907185322,14,0,0
13,25,0.565742026,0.427422802,7,medium,rdp,0.569617968,17,0,0
114,68,0.015310587,0.931825723,3,high,api,0.880240046,9,0,0
124,61,0.780572726,0.285920442,8,medium,ssh,0.823826512,11,0,0
106,29,0.361607318,0.427157681,5,medium,rdp,0.079775925,19,0,0
158,383,0.406418541,0.101933805,0,low,smb,0.207270666,18,0,0
147,19,0.809369544,0.493572793,9,low,rdp,0.145261114,4,0,0
145,171,0.379283392,0.696547064,1,low,ssh,0.830779533,17,0,0
120,450,0.047224876,0.271150361,6,medium,api,0.862446626,18,1,0
63,74,0.17643977,0.296711309,9,low,ssh,0.52797151,11,0,0
19,61,0.955903172,0.841975025,6,medium,api,0.104178073,0,0,1
92,427,0.070405362,0.010363722,2,low,ssh,0.135616619,1,1,0
58,153,0.354931201,0.636470709,0,medium,ssh,0.813548812,2,0,0
183,276,0.503179167,0.393884635,7,low,smb,0.929190137,11,0,0
90,48,0.493280827,0.298380514,9,low,rdp,0.199475685,13,1,0
117,211,0.003959943,0.657593832,9,medium,rdp,0.011137576,6,0,0
62,343,0.501162731,0.834668522,6,low,ssh,0.330952905,3,0,0
23,408,0.383772458,0.558392116,9,high,rdp,0.03049939,11,1,0
127,139,0.972079335,0.031094622,7,medium,smb,0.827974916,7,1,1
137,110,0.159159084,0.461401191,0,low,ssh,0.491512257,0,0,0
140,482,0.354154197,0.462759941,2,medium,rdp,0.641860779,4,1,0
129,183,0.419481485,0.543798495,1,high,rdp,0.411484876,0,0,0
58,28,0.390693537,0.670958901,0,low,api,0.345507547,14,0,0
122,197,0.665830828,0.019318404,4,high,rdp,0.222200413,12,1,0
1,191,0.215512858,0.502012624,2,low,rdp,0.770532547,12,0,0
34,315,0.221071553,0.588307769,9,low,api,0.695547584,3,0,0
96,389,0.729210949,0.343353386,7,medium,ssh,0.360728984,14,0,0
126,51,0.500290519,0.668365227,5,low,ssh,0.321116134,11,0,0
118,149,0.415155676,0.228177717,9,low,smb,0.001242879,7,0,0
48,268,0.169203052,0.317372333,8,low,api,0.06355213,15,1,0
89,50,0.187527223,0.962755347,8,low,ssh,0.623255525,11,0,0
117,388,0.010551637,0.348070371,5,medium,rdp,0.51460731,5,0,0
129,246,0.091426269,0.346500887,1,medium,rdp,0.434803204,14,0,0
16,113,0.556838695,0.595680636,8,high,rdp,0.827502241,6,0,0
189,170,0.89187313,0.97097533,1,medium,smb,0.503898204,4,0,1
192,468,0.287164765,0.983080446,2,low,ssh,0.384493581,14,0,0
191,166,0.327747226,0.579657964,5,low,api,0.161256348,11,0,0
69,409,0.115605611,0.00108702,1,low,ssh,0.820688008,10,0,0
22,14,0.388630946,0.900656551,4,medium,api,0.57624825,3,0,0
93,203,0.037221705,0.570237965,1,low,api,0.092459966,12,0,0
195,288,0.917600696,0.365996408,3,low,ssh,0.648898398,17,0,1
76,395,0.673111348,0.829195141,2,high,rdp,0.425070745,7,0,0
154,189,0.990748809,0.399832459,4,medium,rdp,0.811386224,6,0,1
144,402,0.882823163,0.034044506,5,low,api,0.918914597,15,0,0
179,155,0.472990594,0.821072223,6,low,rdp,0.600465813,2,0,0
86,55,0.519685031,0.545859401,9,high,smb,0.731612819,15,0,1
185,182,0.190576047,0.338143538,7,high,smb,0.056590848,15,0,0
29,210,0.462039343,0.250892376,8,low,api,0.560255455,6,0,0
69,376,0.903027873,0.593797459,3,low,rdp,0.755339978,12,0,1
47,471,0.050853424,0.208049548,3,medium,api,0.496762149,12,0,0
94,75,0.863556803,0.323850887,6,medium,smb,0.59355009,18,0,1
190,277,0.340947802,0.636530309,9,medium,smb,0.898948186,17,1,1
197,428,0.899512765,0.88154445,9,low,smb,0.198099572,6,0,1
144,133,0.940879906,0.532890328,8,high,ssh,0.098246508,19,0,1
176,343,0.670864887,0.759106398,1,low,smb,0.690643613,17,0,1
85,425,0.664423787,0.763060604,5,low,rdp,0.822848906,17,0,1
39,59,0.452754338,0.664353953,9,medium,ssh,0.850490189,3,0,0
100,345,0.835540225,0.245838338,9,low,smb,0.641644497,8,0,0
33,489,0.961612758,0.866788598,7,high,rdp,0.833213418,15,0,1
101,182,0.7750818,0.436275656,4,low,smb,0.700664206,3,0,0
23,458,0.621936734,0.044210744,4,medium,rdp,0.087376916,7,0,0
10,406,0.606792896,0.24461267,7,low,rdp,0.762043508,2,0,0
69,339,0.849469902,0.765548354,0,medium,smb,0.17935969,8,0,0
100,321,0.541203766,0.069133336,5,low,smb,0.236609343,7,0,0
34,64,0.803859886,0.147364402,9,medium,ssh,0.394650627,11,0,0
180,327,0.508885255,0.694226816,8,medium,smb,0.314567066,13,0,0
138,260,0.062444275,0.89260079,5,low,rdp,0.321651738,9,0,0
147,193,0.383947009,0.633732005,6,low,api,0.169259524,16,0,0
186,143,0.444440958,0.222291054,3,low,ssh,0.293871047,10,0,0
96,104,0.141617245,0.053413763,9,medium,rdp,0.01966259,9,0,0
1,460,0.102496329,0.615126583,0,low,rdp,0.472910947,12,0,0
69,406,0.53546495,0.047398578,8,low,api,0.768590959,1,0,0
4,214,0.085143637,0.612722052,5,low,smb,0.862247369,0,1,0
16,242,0.302945168,0.225579944,2,high,rdp,0.820428559,0,1,0
24,431,0.744596976,0.904656062,3,low,api,0.416457719,15,0,1
80,209,0.96443218,0.475092668,9,low,api,0.730426481,9,0,1
2,93,0.717870581,0.223938433,5,medium,smb,0.287890774,9,0,0
128,430,0.992625548,0.853145317,5,medium,api,0.055562473,6,1,1
160,142,0.698337971,0.254035398,8,low,api,0.675971525,6,0,0
84,434,0.293794471,0.306599077,3,high,api,0.648796165,0,0,0
152,404,0.672052541,0.834277899,4,medium,api,0.801629395,12,0,1
140,434,0.702156765,0.30879203,4,low,api,0.616106207,4,0,0
178,112,0.371726985,0.410163769,2,low,api,0.156891625,2,0,0
163,417,0.017713851,0.347665671,1,high,rdp,0.853162392,12,1,0
124,375,0.703199785,0.116400318,7,low,ssh,0.627252788,11,0,0
33,59,0.021700095,0.038895812,9,low,smb,0.807609699,17,0,0
161,43,0.631188078,0.724540674,8,low,ssh,0.77410712,4,0,1
189,207,0.163616489,0.645137124,9,medium,smb,0.297864487,4,0,0
179,268,0.565603528,0.282366068,8,medium,ssh,0.074552975,1,0,0
171,296,0.503913025,0.295599125,4,medium,smb,0.176504409,5,0,0
101,118,0.013513642,0.945005783,8,low,api,0.092862334,6,0,0
12,20,0.362865817,0.987671127,3,medium,ssh,0.243412432,0,0,0
67,222,0.601091167,0.473434903,1,medium,ssh,0.459532273,2,0,0
65,166,0.848606552,0.802451745,2,low,smb,0.906810605,19,1,1
161,131,0.888642114,0.736685876,0,medium,smb,0.872018756,1,0,1
168,156,0.48384997,0.29731771,4,low,rdp,0.718599815,9,0,0
74,184,0.728422487,0.058562711,0,medium,api,0.02411236,10,0,0
43,90,0.316454577,0.142556257,0,low,api,0.341389201,12,0,0
44,94,0.342186406,0.838294117,6,medium,rdp,0.682348426,15,0,1
29,13,0.194463519,0.73121382,1,high,smb,0.129028897,19,0,0
141,461,0.56194811,0.664334844,7,high,api,0.80108785,10,0,1
12,322,0.314564151,0.130648832,5,low,smb,0.91457368,17,0,0
95,293,0.084370896,0.639930687,3,low,api,0.354104447,10,0,0
46,433,0.685006087,0.772152331,8,low,ssh,0.705843062,0,0,1
130,230,0.707753208,0.86060175,9,high,ssh,0.148204133,17,1,1
35,322,0.359992419,0.013231279,7,medium,api,0.690816449,19,0,0
81,292,0.076723399,0.684475102,9,low,api,0.021455412,4,0,0
90,438,0.426297717,0.019097656,2,low,api,0.150771507,1,1,0
8,26,0.442335458,0.706872846,2,high,rdp,0.709881447,17,0,0
93,75,0.668670885,0.635621365,3,low,api,0.711850223,6,0,0
154,456,0.315416391,0.148347863,8,low,rdp,0.641162706,10,0,0
90,364,0.68259928,0.766121751,8,low,rdp,0.477364024,10,1,1
162,424,0.871488542,0.068347618,4,low,ssh,0.674908091,12,0,0
115,299,0.237486042,0.826398774,8,medium,api,0.773800798,3,0,0
105,150,0.978919556,0.261929245,5,high,ssh,0.966481659,0,0,0
135,148,0.386368137,0.688851862,7,high,ssh,0.888641032,17,0,1
196,8,0.267258685,0.923689341,7,low,rdp,0.794534203,11,0,1
58,29,0.421511183,0.339827025,9,medium,smb,0.694757517,9,0,0
114,296,0.094397476,0.502894078,6,low,rdp,0.574155545,7,0,0
75,474,0.125705907,0.463118034,3,low,ssh,0.120608823,2,0,0
157,414,0.414434047,0.157611349,3,high,rdp,0.165556842,6,0,0
120,209,0.762444522,0.59031201,5,low,rdp,0.820279561,19,1,1
164,128,0.90031224,0.743001919,8,low,rdp,0.803312912,10,0,1
21,340,0.664817991,0.916874829,6,high,api,0.614458926,6,0,1
164,116,0.105219555,0.850802602,4,low,rdp,0.438840133,6,0,0
138,439,0.672019762,0.51001938,4,medium,ssh,0.02603265,8,0,0
101,144,0.635427921,0.719017155,7,high,rdp,0.327176943,2,0,0
152,430,0.805763918,0.800783413,5,low,api,0.420639658,10,1,1
192,318,0.825248667,0.493488714,0,low,ssh,0.485816286,16,0,0
177,235,0.868203076,0.115427561,0,low,rdp,0.929324599,7,0,0
99,7,0.414131515,0.437930764,8,low,ssh,0.1087094,19,0,0
36,464,0.697864395,0.842478038,7,low,api,0.51886692,1,0,1
96,45,0.268250359,0.596641405,5,medium,smb,0.367922297,19,0,0
152,443,0.99933628,0.724458377,0,low,api,0.990098119,0,0,1
151,239,0.175334241,0.185268022,1,low,api,0.861864016,15,1,0
190,440,0.010114432,0.964337768,9,medium,ssh,0.438785854,3,0,0
37,432,0.148808715,0.404080529,2,medium,ssh,0.999695609,8,0,0
12,155,0.77587229,0.653635523,9,high,smb,0.514063246,7,0,1
113,181,0.446783677,0.018872255,2,low,smb,0.167117797,0,0,0
183,215,0.447500248,0.127319262,1,medium,smb,0.555874692,7,0,0
13,88,0.95502292,0.78203427,1,medium,api,0.226205766,4,0,1
23,256,0.919634908,0.967969446,5,low,api,0.63631284,0,0,1
99,73,0.311194738,0.320055355,6,low,smb,0.937440175,6,0,0
105,419,0.209058129,0.037180735,3,low,smb,0.786198577,14,0,0
30,179,0.84848221,0.360866602,0,medium,smb,0.27316369,6,0,0
17,212,0.906019071,0.01746813,5,low,rdp,0.296858625,0,0,0
113,293,0.541596923,0.192373092,6,high,rdp,0.069288203,8,0,0
62,234,0.629423711,0.752472015,3,medium,smb,0.285867836,0,0,0
84,465,0.256914285,0.937088398,5,high,api,0.0926248,11,0,0
112,239,0.800802688,0.087449084,8,low,ssh,0.499448719,6,0,0
86,223,0.632122428,0.557900779,3,low,api,0.708347079,8,0,0
141,119,0.503513511,0.253880846,9,low,ssh,0.751181161,4,0,0
187,313,0.060108556,0.139059126,3,low,smb,0.059529232,11,0,0
19,264,0.915934963,0.21898023,9,high,rdp,0.339955898,1,0,0
177,207,0.61545142,0.577763067,4,low,rdp,0.288171767,17,0,0
100,95,0.192691095,0.065134501,2,low,ssh,0.104300323,8,0,0
140,373,0.606386117,0.434218596,9,low,smb,0.362471311,0,0,0
189,222,0.677463354,0.135227851,1,low,rdp,0.299320109,9,1,0
147,366,0.525770337,0.272677052,8,medium,smb,0.634499229,13,1,0
76,276,0.718101738,0.19075433,0,medium,smb,0.883302664,13,0,0
9,380,0.581453948,0.8829755,4,medium,ssh,0.454841721,6,0,1
199,231,0.947769582,0.708011331,4,low,smb,0.746665173,11,0,1
28,309,0.053697079,0.868462579,7,high,smb,0.146010367,5,0,0
128,119,0.106245708,0.383462835,5,medium,ssh,0.894966379,12,0,0
52,268,0.173671637,0.313413365,5,low,rdp,0.152594738,7,1,0
83,433,0.690171071,0.380587195,5,low,api,0.192101181,1,1,0
111,273,0.645595873,0.018548196,3,high,smb,0.106463804,9,0,0
144,64,0.89205886,0.724704275,0,medium,ssh,0.309679502,5,0,0
117,298,0.732877453,0.349772457,2,medium,rdp,0.552410447,15,0,0
69,350,0.508355488,0.313323804,9,low,smb,0.987994111,9,0,0
99,413,0.991831792,0.598141065,5,low,api,0.793368035,14,0,1
140,403,0.266107956,0.436249912,4,medium,rdp,0.380435803,19,0,0
25,494,0.83319166,0.980843368,9,medium,ssh,0.575846058,9,0,1
180,11,0.426790372,0.356253043,0,low,smb,0.623308031,10,0,0
123,98,0.648735139,0.613895842,4,medium,ssh,0.822727221,1,0,0
53,434,0.72726847,0.311651101,1,low,api,0.736451785,9,0,0
151,71,0.633754087,0.99059498,0,medium,api,0.569291127,11,1,1
144,364,0.140507303,0.445111035,3,high,ssh,0.669183027,10,0,0
57,58,0.442951011,0.634128811,5,high,smb,0.745917611,14,0,0
39,290,0.561438378,0.126721671,6,low,ssh,0.133144059,3,0,0
109,251,0.849043759,0.733024215,8,low,rdp,0.200455461,4,0,1
181,276,0.443645749,0.269210058,4,medium,ssh,0.688584289,0,0,0
42,50,0.918747305,0.448613253,7,medium,api,0.850425562,0,0,1
186,358,0.440374223,0.883133062,7,low,smb,0.409262283,9,0,1
167,216,0.548779859,0.970552515,8,high,smb,0.979890322,3,0,1
142,394,0.796285683,0.424572102,2,low,api,0.216071733,12,1,1
122,416,0.583067684,0.834802668,2,low,api,0.416699282,13,0,1
133,52,0.960218072,0.053348995,8,low,rdp,0.378523043,18,0,0
163,271,0.660335831,0.84757403,6,low,api,0.930295941,4,0,1
75,485,0.522709454,0.629510322,3,low,api,0.285378518,10,0,0
146,84,0.023591968,0.488706168,0,high,api,0.470790778,7,0,0
76,387,0.413732898,0.889963705,6,low,smb,0.18723384,0,0,0
9,293,0.299248419,0.845337223,9,low,api,0.521266239,4,0,0
74,126,0.748105668,0.296945096,5,medium,ssh,0.857404169,17,0,0
186,296,0.208277675,0.791488382,2,medium,ssh,0.304039462,12,0,0
145,72,0.205220087,0.099490934,4,medium,smb,0.810792072,4,0,0
7,296,0.189519043,0.822763935,2,low,rdp,0.911311582,6,0,0
174,236,0.125615613,0.675455618,7,medium,rdp,0.07295789,11,0,0
141,56,0.311007004,0.087866331,4,low,smb,0.756424536,1,0,0
168,407,0.885922114,0.683080173,9,low,ssh,0.255343436,12,0,1
170,360,0.774928472,0.580519277,9,low,smb,0.175327663,13,0,1
137,395,0.735251216,0.594550101,5,low,api,0.601122392,5,1,1
178,110,0.797336806,0.290863935,1,low,smb,0.705602616,15,0,0
27,192,0.269417889,0.2664972,7,medium,rdp,0.394760986,9,0,0
122,392,0.887441691,0.762535112,8,low,ssh,0.039173707,10,0,1
194,93,0.137303375,0.256813481,2,medium,rdp,0.908704524,0,0,0
5,350,0.336345727,0.446262252,5,low,rdp,0.730746917,14,0,0
29,56,0.586748119,0.694788999,5,low,ssh,0.271666807,15,0,0
165,60,0.102905088,0.079616251,1,low,api,0.496863856,9,0,0
166,138,0.730130188,0.594548383,9,high,ssh,0.02779279,9,1,1
83,39,0.387246048,0.589376373,7,high,ssh,0.339282782,2,0,0
136,28,0.784405666,0.684228711,4,high,smb,0.522535236,10,0,1
109,49,0.492896286,0.369928095,7,medium,ssh,0.517223615,10,1,0
65,420,0.180874524,0.448979774,7,medium,smb,0.208184878,15,0,0
86,125,0.734761811,0.329969314,2,medium,rdp,0.776747366,5,0,0
145,13,0.252143956,0.808168247,4,medium,ssh,0.298862159,8,0,0
71,480,0.490810301,0.13061076,6,low,api,0.580410023,0,0,0
45,36,0.075533269,0.962953954,4,low,smb,0.271522226,5,0,0
132,101,0.617866654,0.634836156,5,low,smb,0.425167873,17,0,1
36,282,0.665857766,0.886906724,1,low,api,0.207514625,12,1,1
70,86,0.37867421,0.426231458,7,low,smb,0.633007793,1,0,0
159,4,0.95442278,0.33227907,4,low,smb,0.42558436,18,0,1
19,223,0.874168921,0.90072581,5,low,api,0.016117304,1,0,1
189,338,0.707940916,0.098873029,0,low,rdp,0.028164994,3,0,0
108,448,0.713652074,0.117107232,9,high,ssh,0.471134318,3,0,0
182,166,0.252401715,0.299346776,1,low,ssh,0.183225867,9,0,0
167,383,0.656815231,0.959774982,3,low,ssh,0.585042048,16,0,1
91,344,0.198206265,0.63306861,8,high,ssh,0.408191782,15,0,0
90,383,0.144003224,0.554193697,5,low,ssh,0.654419836,7,0,0
19,376,0.999467894,0.705356336,7,low,ssh,0.952395174,5,0,1
39,471,0.622375931,0.417474556,1,low,smb,0.528736135,1,1,0
126,278,0.430987873,0.758073501,9,low,ssh,0.787378604,14,0,1
195,130,0.288164523,0.393230698,4,low,smb,0.753040996,10,1,0
173,31,0.603920444,0.826363185,0,low,api,0.921791104,15,0,1
141,375,0.049593508,0.267295082,3,low,rdp,0.214017867,3,1,0
126,11,0.094680991,0.277546659,9,medium,smb,0.827326971,10,0,0
58,476,0.032856698,0.522383305,0,medium,rdp,0.905520379,13,0,0
148,302,0.499169833,0.430761158,8,medium,api,0.392762981,7,0,0
61,96,0.600606629,0.648115844,1,low,ssh,0.313816195,5,0,0
127,190,0.062479761,0.364290755,6,low,rdp,0.95203591,18,0,0
105,453,0.721224467,0.230550649,2,medium,rdp,0.627632822,3,0,0
167,192,0.230395072,0.469808563,1,low,api,0.380676485,3,0,0
1,486,0.685201454,0.560956499,3,high,api,0.791827721,5,0,0
131,266,0.98189714,0.142600054,6,low,api,0.304473902,10,0,0
92,424,0.69110587,0.556718626,6,medium,smb,0.176407586,0,0,0
190,128,0.883193053,0.319256705,8,low,smb,0.543969636,1,1,1
191,238,0.948198507,0.392451885,2,low,rdp,0.566212045,8,0,0
113,408,0.486751048,0.279318129,6,medium,api,0.825746482,15,0,0
153,355,0.702324979,0.931410328,5,medium,rdp,0.457027355,5,0,1
56,428,0.851969254,0.683336281,9,low,ssh,0.81458654,8,0,1
161,112,0.356608913,0.262460311,6,high,api,0.311322679,18,0,0
166,316,0.261397317,0.645031335,6,low,smb,0.575368202,4,0,0
117,446,0.946598573,0.84857241,9,low,api,0.208472779,9,0,1
134,343,0.7263035,0.401630208,4,medium,rdp,0.385445951,6,1,0
58,145,0.219682133,0.829957509,8,medium,smb,0.857539698,1,1,1
44,65,0.449083393,0.154414944,6,high,ssh,0.215988193,19,1,0
173,247,0.79645177,0.822781365,6,low,ssh,0.810239463,3,0,1
160,223,0.547062991,0.540294243,2,low,rdp,0.282871658,7,0,0
173,479,0.649952098,0.222974488,0,medium,api,0.03448972,2,0,0
61,490,0.753768202,0.407141385,4,low,ssh,0.10993457,1,0,0
47,313,0.622009189,0.987992992,7,low,rdp,0.745879545,8,0,1
149,439,0.540079322,0.783556017,4,low,smb,0.262070927,10,0,0
80,106,0.749614284,0.575086361,9,low,smb,0.654145592,3,0,1
118,181,0.727563035,0.115163912,2,low,rdp,0.699198903,8,0,0
164,184,0.6298724,0.417811583,8,low,api,0.345118464,5,0,0
147,226,0.359789413,0.263051514,1,medium,api,0.474918987,0,0,0
20,265,0.405812092,0.07100108,2,medium,api,0.40376709,2,0,0
185,278,0.970438549,0.542204389,3,low,api,0.947348996,6,1,1
146,397,0.112385932,0.8891857,9,low,rdp,0.319948862,8,0,0
47,89,0.268504917,0.675599868,0,low,rdp,0.183323042,7,0,0
49,176,0.492401759,0.249680388,3,low,smb,0.365592843,12,0,0
14,18,0.836729686,0.573584607,3,medium,smb,0.669515708,17,0,1
143,371,0.163675664,0.943234283,8,high,api,0.69736269,18,0,1
159,460,0.276954618,0.722915053,7,medium,ssh,0.924057315,8,0,0
1,424,0.065798218,0.689473899,1,medium,ssh,0.881754485,19,0,0
117,401,0.705985266,0.968158166,6,low,smb,0.28832052,5,0,1
54,399,0.238209435,0.798873311,5,low,smb,0.455163249,11,0,0
118,106,0.388674751,0.136623543,6,high,rdp,0.747268988,3,1,0
3,271,0.443701447,0.347635087,3,high,smb,0.916537281,8,0,0
144,463,0.891313936,0.965140701,4,low,smb,0.337165013,9,0,1
185,319,0.41133029,0.489705394,5,low,api,0.444441434,2,0,0
12,167,0.14522502,0.111637445,8,medium,ssh,0.89947827,16,0,0
74,13,0.524314938,0.45860488,1,low,ssh,0.358483873,6,0,0
16,337,0.962957995,0.696993234,8,medium,rdp,0.480512986,7,0,1
102,32,0.607685641,0.997548222,9,medium,ssh,0.904504141,10,1,1
152,393,0.98338722,0.323905317,0,low,api,0.802243218,12,0,0
156,40,0.841107309,0.514086875,3,high,api,0.243430925,2,0,0
117,148,0.035965756,0.879680705,4,high,rdp,0.324795065,18,1,0
8,218,0.658399595,0.355267218,8,high,smb,0.352958727,13,0,0
122,219,0.286766878,0.109261557,5,low,smb,0.912738473,15,0,0
92,469,0.559616856,0.948935875,3,low,api,0.998933737,14,0,1
164,82,0.279345191,0.488440807,1,medium,rdp,0.774004302,1,0,0
90,333,0.348870417,0.502783711,4,low,api,0.484326302,5,1,0
136,208,0.923168712,0.621200145,7,low,ssh,0.010173818,6,0,1
186,201,0.206643185,0.003536624,7,low,ssh,0.697488057,8,0,0
60,447,0.874109118,0.931131176,5,medium,api,0.389361164,8,0,1
178,332,0.030457808,0.361451085,0,low,smb,0.63298647,16,0,0
28,428,0.090876538,0.396931862,7,low,ssh,0.606693963,2,0,0
101,38,0.854675041,0.174109248,3,low,rdp,0.480832057,3,1,0
41,211,0.630556031,0.378151613,1,medium,smb,0.944387398,1,0,0
192,444,0.747236138,0.803943531,0,medium,ssh,0.023146345,0,0,0
155,327,0.209417671,0.799991673,6,low,api,0.712132484,9,0,0
191,249,0.537083456,0.935796841,1,high,smb,0.409839868,2,0,0
145,227,0.737219224,0.403229473,3,low,smb,0.71379045,9,1,1
161,48,0.627314137,0.708721504,3,medium,ssh,0.675219648,8,0,0
157,18,0.471698767,0.507237555,9,medium,rdp,0.010238003,16,0,0
141,400,0.959783786,0.80402279,0,medium,ssh,0.285338495,14,0,1
46,439,0.676157333,0.712542009,1,low,ssh,0.189091521,2,0,0
35,295,0.9077508,0.367902925,0,high,ssh,0.166986353,2,0,0
134,196,0.729770512,0.336673834,5,high,ssh,0.728476684,3,0,0
82,187,0.735463529,0.252442463,2,medium,ssh,0.239551349,3,0,0
115,345,0.08001827,0.57651579,0,low,api,0.474737615,16,0,0
197,224,0.359464622,0.963842852,7,low,ssh,0.246988995,5,0,0
47,318,0.858369407,0.200066738,3,medium,rdp,0.580233823,10,1,1
153,488,0.232603862,0.095252455,9,low,smb,0.720573768,11,1,0
194,397,0.115505866,0.119400642,6,medium,api,0.331074739,6,0,0
10,365,0.326106057,0.783098676,9,low,rdp,0.603020848,12,0,0
56,337,0.220437885,0.350104804,1,medium,ssh,0.824854774,5,0,0
30,497,0.925288195,0.224366828,5,low,rdp,0.094224285,2,0,0
109,229,0.867966642,0.352844118,5,low,smb,0.710670599,13,0,1
5,390,0.49968323,0.645330813,6,low,rdp,0.323144944,13,1,1
119,467,0.061343874,0.546787125,0,low,ssh,0.122649957,9,0,0
33,77,0.714562346,0.743589407,0,low,smb,0.545654208,4,0,0
118,188,0.623411731,0.339074148,1,medium,ssh,0.226262319,1,0,0
65,346,0.970554671,0.452028573,1,medium,ssh,0.821361793,5,0,0
146,270,0.55895324,0.101968369,4,medium,api,0.04289591,10,0,0
177,95,0.336393723,0.073058646,0,medium,smb,0.098652896,17,1,0
11,310,0.519021694,0.462255243,1,low,smb,0.520996126,10,0,0
85,132,0.979263291,0.301596607,5,low,ssh,0.588941784,14,0,1
26,39,0.696362433,0.612800572,2,low,rdp,0.729886665,2,0,0
63,72,0.671976138,0.043002165,3,medium,smb,0.259260728,1,0,0
86,281,0.24068159,0.121766378,0,low,rdp,0.841760408,6,0,0
59,333,0.743602518,0.865190811,4,low,rdp,0.95314234,4,0,1
27,160,0.750271829,0.566311622,3,medium,smb,0.499039304,12,0,0
177,187,0.317288984,0.712054534,7,high,rdp,0.760531365,7,0,0
161,486,0.483713832,0.841972119,2,medium,smb,0.524848355,8,0,0
98,191,0.294603333,0.463834343,9,medium,api,0.069467029,7,1,0
105,422,0.25870507,0.761060384,0,medium,smb,0.326111513,9,0,0
99,120,0.02589607,0.524585579,9,low,smb,0.08748669,1,1,0
129,220,0.285211745,0.22274877,4,medium,smb,0.988879119,9,0,0
149,53,0.55396995,0.337656169,0,medium,api,0.229025912,10,0,0
55,222,0.001601188,0.490350441,4,low,rdp,0.635900419,10,0,0
6,451,0.283219084,0.316885552,8,low,api,0.284345102,4,0,0
197,412,0.881410332,0.335527691,4,low,rdp,0.653246215,13,0,0
95,131,0.593648585,0.337392831,1,low,smb,0.210401691,2,0,0
133,237,0.607862824,0.122839979,1,high,smb,0.785270066,19,0,0
102,246,0.403364305,0.084642607,9,low,api,0.110811603,1,0,0
3,226,0.676472143,0.04649604,8,low,api,0.8951504,17,0,0
181,208,0.189932766,0.110956261,4,high,api,0.840421693,0,0,0
23,406,0.81874681,0.343707092,7,low,api,0.678807344,0,0,0
53,96,0.11668912,0.593871806,9,low,smb,0.067414627,16,0,0
165,422,0.656001355,0.188146927,3,high,smb,0.208569028,5,0,0
83,200,0.341149326,0.888008846,1,low,ssh,0.859361596,12,0,0
145,247,0.747512971,0.808382431,3,medium,api,0.121974434,0,0,0
85,72,0.549764551,0.520527113,3,low,api,0.155932096,5,0,0
78,318,0.452353038,0.724209831,8,low,rdp,0.544003324,7,0,0
110,185,0.169422402,0.366328525,9,low,rdp,0.27417744,12,0,0
1,6,0.636821464,0.036777793,5,low,smb,0.2220757,1,0,0
51,206,0.974769843,0.904332848,9,high,ssh,0.575813432,7,0,1
173,32,0.825603425,0.127793488,5,high,api,0.372576676,0,0,0
4,99,0.060008193,0.947937346,4,high,ssh,0.140559897,12,0,0
190,394,0.376229378,0.571882588,5,low,ssh,0.534853768,0,0,0
193,387,0.925583009,0.305563061,0,high,smb,0.387012403,9,1,1
113,256,0.503043748,0.495524623,4,medium,ssh,0.734516774,4,1,0
32,187,0.662111826,0.501629809,5,low,api,0.102755442,19,0,0
34,76,0.912599346,0.023287079,7,medium,smb,0.620613244,12,0,0
92,177,0.87379469,0.355459852,3,low,ssh,0.436493327,4,0,0
95,315,0.501820376,0.7398658,4,low,smb,0.406061875,9,0,0
72,287,0.437646303,0.510069189,3,medium,smb,0.232287688,2,0,0
39,349,0.339692618,0.244230117,6,medium,rdp,0.030426028,1,0,0
154,255,0.719019443,0.33510986,9,low,smb,0.847689194,1,0,0
162,325,0.286986799,0.863054393,5,low,ssh,0.326410086,4,0,0
182,190,0.249887606,0.52554967,3,high,rdp,0.68109104,3,1,0
118,308,0.356249895,0.528352123,5,medium,api,0.9475874,1,0,0
3,345,0.177215057,0.961467459,3,low,api,0.564990298,8,0,0
123,127,0.695119816,0.320881399,7,low,api,0.397146903,8,0,0
50,425,0.616240649,0.479541125,2,low,api,0.268273566,8,0,0
12,287,0.482878534,0.811713598,7,high,api,0.934043793,3,0,1
193,254,0.390325779,0.758912249,1,low,ssh,0.682076818,7,1,1
54,213,0.909062543,0.265799422,5,low,smb,0.665281393,17,0,1
133,250,0.029123785,0.151091048,7,low,rdp,0.426158325,8,0,0
57,84,0.769107744,0.700704576,0,high,smb,0.845048713,2,0,0
145,487,0.901909572,0.257656177,5,medium,smb,0.713672187,5,0,0
112,383,0.446354579,0.922675829,8,medium,ssh,0.283183272,18,0,1
47,406,0.550690491,0.129247694,9,low,ssh,0.59957866,4,0,0
151,388,0.944463688,0.3183152,9,low,ssh,0.430193955,16,1,1
85,13,0.212277515,0.054787247,1,high,rdp,0.006590163,18,0,0
142,45,0.520134848,0.703305307,0,high,ssh,0.807623432,2,0,0
66,127,0.474721127,0.891262649,1,high,smb,0.122830349,7,0,0
75,426,0.258392648,0.635874527,4,high,rdp,0.509954506,8,0,0
179,114,0.81859323,0.937753016,5,medium,ssh,0.336226193,7,0,1
103,433,0.899600595,0.128503979,0,medium,ssh,0.342089041,13,0,0
166,276,0.78193258,0.087733927,6,medium,ssh,0.477364883,9,0,0
192,205,0.195358961,0.838412731,3,medium,smb,0.997023104,16,0,0
38,337,0.086748636,0.855511175,8,low,ssh,0.408379681,2,0,0
50,438,0.605444485,0.831039527,5,low,smb,0.18232923,2,0,0
98,420,0.057094761,0.798964903,8,high,rdp,0.613606338,2,0,0
82,481,0.672825889,0.362228364,0,low,ssh,0.236287708,3,0,0
30,385,0.53042422,0.217462084,3,high,api,0.105549137,16,0,0
79,399,0.662785733,0.92880402,1,low,api,0.050174172,13,0,1
91,461,0.590170774,0.307000183,5,low,smb,0.022881274,1,0,0
179,273,0.42270257,0.398407682,3,low,ssh,0.431164648,11,0,0
191,408,0.20087718,0.699558959,8,low,ssh,0.42672578,4,0,0
52,58,0.305702136,0.29335608,2,low,api,0.1855454,1,1,0
166,328,0.524500574,0.819130222,0,low,rdp,0.784019054,11,0,0
79,498,0.651868094,0.070034624,0,medium,rdp,0.129270628,8,0,0
30,219,0.779483017,0.791182667,8,low,smb,0.915317193,8,0,1
106,109,0.767170718,0.601851323,8,low,api,0.587575978,19,0,1
51,279,0.972688743,0.572993644,4,low,smb,0.027616376,0,0,0
81,174,0.285841449,0.458377039,1,medium,smb,0.962972626,6,0,0
133,328,0.071110708,0.277045596,8,medium,rdp,0.30794126,17,0,0
29,264,0.345656936,0.464070285,7,medium,api,0.44997496,9,0,0
132,315,0.743294475,0.450028512,9,low,smb,0.284268693,14,0,0
138,474,0.438111651,0.583754189,9,low,rdp,0.728421298,8,0,0
184,111,0.817788431,0.281574286,5,medium,rdp,0.485680221,10,0,0
145,187,0.549326365,0.077595582,6,medium,ssh,0.132372959,0,1,0
74,269,0.929791723,0.145089447,5,low,api,0.104203952,10,0,0
17,423,0.947863442,0.699177431,4,low,api,0.725375413,0,0,1
84,229,0.069304506,0.02249233,3,low,ssh,0.237081405,4,1,0
69,497,0.45641344,0.856443045,6,low,smb,0.137793375,17,0,1
34,156,0.609689061,0.694397327,3,medium,rdp,0.499427597,0,0,0
6,473,0.255872541,0.768086541,9,low,rdp,0.802765288,9,0,0
53,189,0.407076779,0.835984449,9,low,rdp,0.278782746,12,0,1
194,272,0.677681541,0.122710444,9,low,ssh,0.276431612,7,0,0
126,375,0.226734227,0.822451091,8,high,rdp,0.83388126,12,0,0
43,2,0.601981353,0.504642438,4,medium,smb,0.147833795,19,0,0
115,246,0.697447828,0.885523839,7,high,smb,0.616727592,1,0,1
111,210,0.090496311,0.886586601,5,low,ssh,0.955013483,11,0,0
151,401,0.497529316,0.024178044,3,medium,smb,0.84130315,12,0,0
183,286,0.26308003,0.382865215,2,low,api,0.061815234,7,0,0
80,359,0.724386356,0.526398796,5,low,api,0.319910877,14,1,1
95,13,0.189555509,0.67836009,0,low,rdp,0.142374466,6,0,0
118,96,0.892237916,0.286186247,1,medium,rdp,0.949240638,6,0,0
144,498,0.430941337,0.252142261,6,low,api,0.985941566,16,0,0
8,221,0.19800303,0.381265719,3,medium,smb,0.234993021,18,0,0
132,238,0.438021796,0.500938692,4,low,ssh,0.669699045,2,0,0
104,94,0.408743763,0.951146231,9,low,rdp,0.841631732,6,0,1
132,338,0.428918959,0.762108467,0,low,rdp,0.233680284,11,0,0
184,269,0.585561293,0.429321167,1,low,api,0.187680634,13,1,0
25,171,0.521173725,0.054366178,3,low,api,0.011211023,1,0,0
195,469,0.149777132,0.168520592,7,low,ssh,0.411962457,6,0,0
96,94,0.065579073,0.455924424,9,low,rdp,0.899437462,15,1,0
195,149,0.729415449,0.8138259,3,low,smb,0.902979649,8,1,1
155,112,0.559717436,0.380695536,2,low,smb,0.127743128,0,0,0
93,55,0.359000768,0.538496651,2,low,api,0.204352481,11,1,0
160,337,0.808357822,0.891804886,4,low,ssh,0.408047331,1,0,1
178,424,0.388058474,0.913796259,2,low,api,0.780624545,17,0,1
61,467,0.79596509,0.215774996,7,low,ssh,0.611851484,13,0,0
122,116,0.305756128,0.043594922,4,medium,smb,0.513849744,11,0,0
51,143,0.072845298,0.305410531,6,low,ssh,0.591931884,17,0,0
147,201,0.932639694,0.695802315,7,low,smb,0.096199694,4,0,1
21,180,0.394551129,0.951112201,4,high,ssh,0.477663642,6,0,0
5,202,0.792692573,0.077032,7,medium,api,0.99206329,3,0,0
92,364,0.279144133,0.028483811,2,high,smb,0.088446147,12,1,0
170,479,0.646365112,0.884147213,6,medium,rdp,0.519246678,15,0,1
61,53,0.873310873,0.748145269,7,low,rdp,0.295649262,15,0,1
22,471,0.041644022,0.992248579,6,low,smb,0.539913297,18,0,0
149,384,0.830635765,0.396792881,1,medium,rdp,0.57381876,3,0,0
70,180,0.571333005,0.416050905,7,high,smb,0.577472898,19,0,0
1,414,0.607471754,0.172311837,5,medium,api,0.852208785,19,0,0
133,417,0.523158001,0.115847153,9,high,api,0.389747415,0,0,0
12,313,0.874475103,0.578718011,2,low,ssh,0.516354163,12,1,1
90,308,0.043433357,0.364285001,3,low,rdp,0.010928399,19,1,0
46,137,0.261028392,0.080316448,6,high,rdp,0.789550602,19,1,0
34,182,0.875762539,0.88698707,2,medium,rdp,0.259487707,8,0,1
177,367,0.752345703,0.198356468,0,high,smb,0.816555024,9,0,0
78,1,0.01764516,0.748584347,5,medium,api,0.265638666,5,0,0
45,44,0.517006283,0.282228596,2,low,rdp,0.010788496,6,0,0
155,227,0.529572681,0.812904831,9,low,ssh,0.154831318,15,0,1
73,331,0.400882135,0.118396841,5,high,rdp,0.985682903,16,0,0
26,98,0.297393332,0.75607161,9,medium,ssh,0.319801246,0,0,0
47,208,0.68172485,0.098118874,2,low,rdp,0.108823902,8,0,0
121,265,0.207790465,0.446915788,5,low,rdp,0.118758804,13,0,0
56,288,0.798948562,0.734004351,3,low,api,0.310342714,14,0,1
94,271,0.803037161,0.173218381,3,low,ssh,0.037645041,3,1,0
107,140,0.415261438,0.285664989,9,medium,rdp,0.511488588,7,0,0
63,481,0.283548011,0.864766992,9,low,ssh,0.213740915,14,0,0
48,237,0.283878182,0.885119321,1,low,ssh,0.519310641,3,0,0
61,462,0.482291324,0.044935452,3,medium,api,0.140764219,18,1,0
81,441,0.719579225,0.168090585,3,low,api,0.429857229,2,0,0
26,392,0.358868691,0.11747194,6,medium,ssh,0.597916858,7,0,0
36,72,0.610043345,0.179693095,4,low,api,0.061999938,1,0,0
1,155,0.382484461,0.970187724,7,high,rdp,0.398749309,7,0,1
8,190,0.304523189,0.551655249,6,low,rdp,0.302523821,7,0,0
113,268,0.024859516,0.46811239,9,low,api,0.240359816,16,0,0
99,321,0.003914106,0.984467373,8,high,ssh,0.604534626,15,0,0
180,107,0.227207678,0.55695613,7,medium,rdp,0.588541986,15,0,0
47,232,0.406406287,0.661117927,8,low,smb,0.630699807,15,0,0
127,42,0.851261167,0.332770546,0,high,ssh,0.15888267,6,0,0
56,190,0.798484243,0.382114865,9,low,ssh,0.285709245,14,0,0
14,371,0.267165263,0.594409384,2,high,smb,0.209678778,16,0,0
28,139,0.244540443,0.069785784,4,low,smb,0.540503605,2,1,0
78,103,0.227322071,0.255882886,8,low,ssh,0.461065689,0,0,0
130,171,0.339237341,0.196811749,7,low,smb,0.330293738,7,0,0
109,351,0.49819872,0.015893393,9,low,api,0.786014809,6,1,0
154,273,0.438667772,0.536901271,6,low,api,0.093973744,17,0,0
14,481,0.218273199,0.56105284,1,low,ssh,0.974896689,4,1,0
187,416,0.13045141,0.383939223,5,low,api,0.116544078,14,0,0
56,221,0.012577812,0.268727469,3,low,rdp,0.773070813,6,0,0
115,213,0.153963239,0.652059876,4,low,api,0.368230189,9,1,0
7,341,0.70535637,0.134659161,4,high,api,0.865262229,15,0,0
3,424,0.243638569,0.518615032,3,medium,smb,0.074169949,1,0,0
111,407,0.46860181,0.768073986,3,medium,api,0.37472171,17,0,0
151,56,0.591301149,0.164297984,3,high,ssh,0.335443407,14,0,0
107,390,0.886840903,0.753259539,1,medium,api,0.993157038,18,1,1
18,342,0.888855098,0.760794509,0,high,api,0.985548995,19,0,1
38,434,0.745733734,0.059926648,1,low,ssh,0.189803959,13,0,0
115,102,0.035156992,0.018784326,6,low,ssh,0.629946961,1,0,0
15,421,0.575070419,0.973935406,0,low,smb,0.53551942,17,1,1
192,493,0.786583471,0.193382659,5,low,rdp,0.154373491,8,0,0
119,192,0.017288045,0.822139209,3,high,api,0.167779706,0,0,0
28,499,0.549684614,0.561850653,1,medium,rdp,0.989251728,15,1,1
39,310,0.857764146,0.264472158,2,low,smb,0.452729994,11,0,0
185,200,0.474102076,0.129970437,6,medium,ssh,0.125801292,11,0,0
17,233,0.004106203,0.496677274,5,low,ssh,0.214790039,18,0,0
86,433,0.011013358,0.407354812,5,low,ssh,0.268348067,9,0,0
126,227,0.416636037,0.698886085,7,medium,smb,0.510917263,19,0,1
44,371,0.155008667,0.90416855,7,high,api,0.33554813,4,0,0
25,139,0.664450657,0.805248087,5,medium,smb,0.455011786,2,0,0
145,344,0.708799265,0.27445205,0,medium,ssh,0.166499551,8,0,0
13,305,0.177879795,0.878933218,9,low,api,0.326728691,14,0,0
25,149,0.888533289,0.833391314,6,low,ssh,0.070316593,13,0,1
68,115,0.441907845,0.929136234,7,low,ssh,0.889710273,10,0,1
138,450,0.142845908,0.458660821,4,medium,smb,0.198752477,12,0,0
67,63,0.764251598,0.768575172,3,low,smb,0.756900135,6,1,1
109,104,0.7899745,0.591658066,6,low,rdp,0.349551788,1,0,0
146,339,0.639295473,0.310502753,5,high,ssh,0.474397319,2,0,0
111,359,0.853465553,0.994431003,5,medium,api,0.291261039,19,0,1
111,156,0.737372972,0.038307467,2,medium,ssh,0.696441271,7,0,0
34,273,0.882205737,0.162272573,9,low,api,0.844546419,0,1,1
111,6,0.433888048,0.892542363,3,low,rdp,0.286270185,3,0,0
8,147,0.747597128,0.060562843,4,low,ssh,0.242217644,12,0,0
168,184,0.999751563,0.886820667,8,medium,api,0.681440265,13,1,1
113,486,0.724931198,0.715221476,7,low,api,0.195153061,8,0,1
83,28,0.11418378,0.036684005,2,medium,rdp,0.639839766,2,0,0
42,450,0.518318722,0.429320043,5,high,smb,0.09442808,13,0,0
169,38,0.587347791,0.754471475,9,low,rdp,0.62013716,3,0,1
101,119,0.174210675,0.583100285,0,low,api,0.513406734,16,0,0
6,293,0.962891634,0.935871292,2,medium,rdp,0.113905716,14,0,1
180,371,0.175579778,0.867644033,9,high,smb,0.649103635,11,0,0
26,244,0.17755792,0.332647635,6,high,ssh,0.446557157,13,0,0
64,68,0.915167138,0.084627196,6,low,rdp,0.217115051,18,0,0
187,214,0.465205433,0.94425704,1,low,rdp,0.353384156,9,0,0
184,218,0.063188279,0.517286768,2,medium,ssh,0.492102106,4,0,0
59,177,0.5981875,0.074397624,6,medium,rdp,0.091554227,16,0,0
109,299,0.601826349,0.816575613,5,low,smb,0.957609483,16,0,1
198,164,0.064500759,0.868506471,6,low,api,0.665562156,2,0,0
121,58,0.972522496,0.63942464,9,medium,rdp,0.102534981,15,0,1
33,269,0.544029965,0.447508966,8,low,ssh,0.822862184,8,0,0
181,308,0.559795722,0.662173012,7,high,ssh,0.322554931,16,0,0
150,58,0.520115415,0.706683696,5,low,rdp,0.596799537,19,0,1
21,288,0.61073178,0.893029958,3,medium,ssh,0.277142842,11,0,1
198,465,0.264299753,0.95586168,9,medium,api,0.733405945,1,1,1
70,105,0.287241348,0.514320932,8,low,api,0.723008975,19,0,0
112,228,0.51133909,0.798494534,6,medium,ssh,0.552043457,15,0,1
4,247,0.806685855,0.964509556,4,medium,rdp,0.240925592,5,0,1
94,188,0.049864576,0.151243338,1,high,rdp,0.253703808,1,0,0
75,494,0.603404212,0.018267982,8,low,ssh,0.382862797,8,0,0
190,83,0.806778143,0.868963773,6,medium,api,0.145012167,4,1,1
62,186,0.156917272,0.195273333,8,medium,api,0.337655713,17,0,0
94,252,0.015022542,0.042478767,8,low,rdp,0.684354601,17,0,0
95,355,0.312713295,0.160096138,9,high,api,0.83084528,9,0,0
152,238,0.588143707,0.384114911,4,low,smb,0.33258229,9,0,0
55,360,0.138283173,0.219265702,6,low,api,0.233590258,9,1,0
137,184,0.426122371,0.305253629,4,low,rdp,0.832642578,17,0,0
131,284,0.552321497,0.975294051,2,low,api,0.890704027,15,0,1
31,385,0.598883095,0.704405544,9,high,api,0.410021523,5,0,0
40,426,0.274411721,0.712191728,7,medium,ssh,0.026904154,11,0,0
36,210,0.400029636,0.094685375,7,low,smb,0.694961621,3,0,0
152,304,0.778339229,0.73209837,8,medium,ssh,0.784033236,19,0,1
6,296,0.941214694,0.739344333,5,low,api,0.018024253,15,0,1
66,97,0.861880331,0.659745018,1,medium,api,0.595030853,10,0,1
75,447,0.564283502,0.228436296,2,low,ssh,0.588368758,0,0,0
4,460,0.410292803,0.423036179,9,low,smb,0.378707909,4,0,0
79,456,0.332956614,0.846276455,5,low,rdp,0.749767326,16,1,1
134,472,0.124956566,0.670201629,0,medium,ssh,0.428179038,10,0,0
118,208,0.106551247,0.732768835,1,low,api,0.676775952,13,0,0
113,370,0.688357625,0.5873744,7,low,api,0.517117305,8,1,1
94,388,0.259794416,0.449586599,7,low,rdp,0.248464605,9,0,0
179,422,0.254661686,0.75905201,5,low,api,0.606500863,3,0,0
62,492,0.998195054,0.067925814,2,high,api,0.736908495,1,1,0
185,411,0.187925958,0.673160733,1,low,rdp,0.973905673,5,1,0
194,137,0.148059759,0.997204508,5,high,api,0.380108947,2,0,0
79,367,0.098685228,0.780191929,0,low,api,0.064472545,12,0,0
136,400,0.579805345,0.290563512,9,medium,smb,0.987971221,11,0,0
26,184,0.627863826,0.277819495,5,low,ssh,0.623806659,17,0,0
179,76,0.365227926,0.667218611,8,high,smb,0.946450458,5,0,0
173,287,0.535413336,0.895854257,6,low,smb,0.103827086,9,0,0
44,472,0.788399531,0.577949741,8,medium,api,0.34203384,5,0,0
133,375,0.818104168,0.527402287,1,high,ssh,0.133936699,4,0,0
70,142,0.957912076,0.160384134,4,high,ssh,0.835510155,14,0,0
154,237,0.824267986,0.715456955,8,low,api,0.880342741,14,0,1
118,25,0.564841437,0.70229862,6,high,smb,0.5013117,11,0,0
68,290,0.179656966,0.966951392,8,medium,smb,0.186606218,8,0,0
19,67,0.099763558,0.300192184,5,low,smb,0.127118969,12,0,0
20,250,0.05451189,0.756445476,6,low,ssh,0.58816411,15,0,0
113,408,0.666525832,0.434065261,9,low,api,0.506376325,1,0,0
140,118,0.807536255,0.558472792,4,low,ssh,0.694789102,16,0,1
47,490,0.508683951,0.816453856,5,medium,smb,0.305207263,8,0,0
1,73,0.054714175,0.221995045,0,medium,ssh,0.402367995,18,0,0
90,282,0.535470575,0.34286874,0,low,ssh,0.021361074,5,0,0
142,404,0.935749262,0.77330867,1,high,api,0.610143045,3,0,1
64,448,0.597613191,0.570457915,3,low,api,0.423143521,14,0,0
38,360,0.809427488,0.092422917,8,high,ssh,0.919764634,17,0,0
37,10,0.800152648,0.430185867,6,high,rdp,0.641786298,11,0,0
126,211,0.9321291,0.586633313,5,high,api,0.398694491,11,0,1
139,323,0.770228766,0.909517316,0,medium,rdp,0.263589181,19,0,1
100,152,0.747700514,0.18848805,4,low,api,0.905284943,16,0,0
77,5,0.234102665,0.805952968,3,low,smb,0.016265074,6,0,0
3,195,0.059925155,0.130624483,4,low,rdp,0.326912467,19,0,0
161,442,0.517599465,0.24223566,8,low,smb,0.943505584,4,0,0
134,283,0.124434208,0.243343883,2,medium,smb,0.654033007,11,0,0
178,464,0.962195876,0.877479196,3,low,ssh,0.532719071,16,0,1
10,113,0.289924763,0.199017692,7,high,smb,0.203534718,1,0,0
5,271,0.852944203,0.786960727,2,high,smb,0.833374774,3,0,1
151,163,0.387624625,0.461806534,2,low,smb,0.204199063,1,0,0
138,460,0.32319425,0.999090768,8,low,smb,0.248253532,13,0,1
172,105,0.935158572,0.839091499,4,low,ssh,0.191851143,13,1,1
130,181,0.363322572,0.739703134,9,high,ssh,0.158149461,12,0,0
13,44,0.390287909,0.870726307,0,medium,smb,0.953312496,16,0,1
168,282,0.10609178,0.634030393,6,low,rdp,0.602031596,16,0,0
130,175,0.670446665,0.843652257,6,low,api,0.637837132,17,0,1
84,162,0.288839414,0.261126847,5,low,rdp,0.954325466,2,0,0
65,471,0.585604168,0.097703211,5,high,smb,0.230575055,15,0,0
63,351,0.591351704,0.615932007,2,low,ssh,0.005917539,18,0,0
101,434,0.719199696,0.434690393,2,low,smb,0.59888365,5,0,0
73,340,0.745241486,0.426440795,9,high,smb,0.507844853,5,0,0
17,140,0.514452434,0.526747852,8,high,ssh,0.477650377,17,0,0
9,471,0.330991948,0.361382612,0,high,rdp,0.061880211,8,0,0
143,132,0.837450895,0.626059531,6,low,api,0.454434867,17,0,1
152,87,0.309865649,0.030568367,9,medium,smb,0.287559565,5,0,0
38,176,0.507509094,0.969891342,6,medium,ssh,0.274564677,8,0,1
163,183,0.401252583,0.924708992,7,low,api,0.22238158,17,0,1
94,368,0.855078386,0.935270163,5,medium,api,0.33252836,15,0,1
95,129,0.431918531,0.365003496,7,low,api,0.353133075,12,0,0
49,246,0.386099189,0.531890958,0,low,ssh,0.308775776,10,0,0
69,89,0.689823693,0.954130603,0,high,smb,0.978752716,7,0,1
62,66,0.60244111,0.902346056,8,low,ssh,0.932731086,16,0,1
188,158,0.107246833,0.790244476,3,high,smb,0.5745101,8,0,0
178,387,0.508168806,0.40733159,2,low,rdp,0.981054838,5,0,0
78,378,0.735478388,0.564339223,5,low,api,0.99119801,0,0,0
117,149,0.992074765,0.792912474,9,medium,smb,0.35593971,0,0,1
120,473,0.629146834,0.273011996,8,medium,rdp,0.445187546,12,0,0
137,340,0.370293066,0.626449368,9,low,ssh,0.959061777,6,0,0
162,433,0.2261516,0.827934325,3,high,api,0.608626199,9,0,0
76,116,0.872830234,0.707454792,8,low,smb,0.212929083,17,0,1
35,214,0.814565212,0.479480631,4,high,api,0.689380668,5,0,0
1,469,0.233922821,0.58460836,6,low,api,0.205746182,12,0,0
40,446,0.20063209,0.988675543,2,high,api,0.339357744,4,0,0
64,481,0.715136777,0.601987795,2,low,ssh,0.227560163,14,0,0
150,372,0.314952062,0.785617754,2,medium,api,0.244980216,11,0,0
60,294,0.306398798,0.726604764,7,medium,smb,0.004655582,10,0,0
64,253,0.152290247,0.701490616,5,low,ssh,0.880708832,7,0,0
93,143,0.26397552,0.716369055,8,high,rdp,0.295990495,4,0,0
72,250,0.427507558,0.454409751,8,low,smb,0.08637438,7,0,0
11,366,0.732838337,0.474160175,7,low,ssh,0.086987406,4,0,0
105,436,0.336308094,0.467862737,0,medium,smb,0.556018276,9,0,0
14,463,0.328604339,0.033254607,5,low,smb,0.992920551,14,0,0
60,302,0.284913253,0.24106533,3,low,rdp,0.145022467,5,1,0
30,25,0.478283668,0.154564007,3,low,ssh,0.099621781,17,0,0
35,277,0.180636698,0.886445011,2,medium,api,0.43830388,2,0,0
165,472,0.485630734,0.274969366,8,low,smb,0.563331254,8,0,0
5,377,0.704175556,0.138442634,1,low,smb,0.294380359,9,0,0
83,378,0.029790504,0.119766932,0,medium,smb,0.302522093,6,1,0
123,389,0.00977938,0.699989835,9,high,smb,0.424476502,18,0,0
78,70,0.07512291,0.006083311,2,high,smb,0.314145615,1,0,0
154,113,0.535660062,0.471304402,3,medium,ssh,0.915331584,7,0,0
62,363,0.854455083,0.118871106,3,medium,smb,0.041954571,6,1,0
132,112,0.004884466,0.849663378,5,low,smb,0.23457016,4,0,0
89,364,0.936661305,0.958450356,0,low,smb,0.808552796,3,0,1
42,303,0.106278512,0.958754616,0,medium,api,0.833958125,10,1,1
89,471,0.841983528,0.441964109,1,high,api,0.111555079,9,1,1
146,452,0.482854765,0.644514824,3,medium,ssh,0.97376345,0,0,0
40,91,0.659357387,0.599704137,6,low,smb,0.69335485,3,0,0
72,18,0.510682984,0.350038901,5,low,smb,0.272593056,5,0,0
39,149,0.477048225,0.444064491,8,medium,rdp,0.456037865,17,0,0
104,476,0.834899428,0.064323697,6,medium,api,0.29713862,12,0,0
14,227,0.75588638,0.795699033,4,medium,rdp,0.15002225,12,0,1
32,214,0.483402237,0.240803512,5,medium,smb,0.291178065,0,0,0
179,360,0.111635929,0.460527331,9,low,smb,0.580091937,3,0,0
125,151,0.115402959,0.480620734,8,high,rdp,0.825969695,3,0,0
166,192,0.801539461,0.560711739,0,medium,ssh,0.363529075,17,0,0
97,451,0.529390621,0.817876638,8,low,ssh,0.347901541,17,0,1
23,40,0.48158914,0.691881046,5,low,rdp,0.468000701,17,1,1
63,242,0.680566841,0.663063049,3,high,smb,0.6445556,14,0,1
143,138,0.858841583,0.526745496,4,high,rdp,0.751616262,17,0,1
153,345,0.628873144,0.095955755,0,low,api,0.326799505,14,0,0
145,180,0.762847902,0.402008472,6,low,ssh,0.586352468,16,1,1
194,497,0.765270524,0.957316851,7,low,rdp,0.389360841,4,0,1
53,200,0.356261449,0.995548075,4,low,ssh,0.71639985,10,0,1
104,203,0.274083196,0.730498146,1,medium,api,0.164674921,15,0,0
104,61,0.801164067,0.227514963,7,medium,smb,0.256924865,19,0,0
179,192,0.377178792,0.101890646,9,medium,smb,0.42606042,1,1,0
39,5,0.903336007,0.414764359,6,medium,smb,0.88941479,16,0,1
179,378,0.069690697,0.856571902,9,low,ssh,0.573325789,0,0,0
198,237,0.058217512,0.72186424,8,low,api,0.965396119,17,0,0
134,181,0.92700416,0.883892238,3,low,rdp,0.103277685,16,0,1
67,311,0.648454914,0.615776315,8,low,smb,0.460175414,17,0,1
135,37,0.379599356,0.130328365,3,low,ssh,0.41907853,18,0,0
179,56,0.755060415,0.114795967,2,medium,smb,0.600206176,4,0,0
42,443,0.67232681,0.048002303,2,medium,api,0.811964609,12,0,0
192,237,0.531201047,0.567079971,9,medium,rdp,0.841448026,5,0,0
15,358,0.098873343,0.242886237,1,medium,smb,0.670194609,12,0,0
111,349,0.812179587,0.734383641,9,medium,api,0.641536364,17,0,1
157,197,0.866023191,0.686249936,2,medium,ssh,0.949029542,3,0,1
33,73,0.172168689,0.318110742,7,low,api,0.383687402,8,0,0
155,59,0.850511652,0.176801666,7,high,ssh,0.832783314,2,0,0
164,240,0.877847311,0.10240035,1,low,smb,0.921503727,7,0,0
157,2,0.549428612,0.737315274,1,low,smb,0.491539244,12,0,0
38,449,0.656179036,0.450440995,1,low,api,0.729102579,10,0,0
185,360,0.38223732,0.323529914,9,high,ssh,0.377019857,9,0,0
97,188,0.281791648,0.856653016,6,high,api,0.158879014,10,0,0
155,307,0.721983147,0.593613217,5,medium,api,0.586503881,2,0,0
183,30,0.861875149,0.518002336,0,medium,smb,0.196471651,13,0,0
33,267,0.654077553,0.743379165,1,low,smb,0.457599131,13,0,0
196,476,0.511590611,0.81558314,0,high,smb,0.872879313,18,0,1
86,108,0.158924767,0.686073155,6,medium,api,0.086018188,3,0,0
66,332,0.053458713,0.440006319,5,high,api,0.030428536,0,0,0
10,423,0.44569179,0.379298793,1,low,rdp,0.606477847,1,0,0
5,90,0.049349564,0.771664938,1,low,rdp,0.331061327,5,0,0
123,205,0.569334632,0.517907161,1,high,api,0.417937707,12,0,0
74,379,0.382729191,0.704386079,7,low,rdp,0.405710589,13,0,0
97,456,0.75718912,0.890398789,6,high,api,0.086620229,0,0,1
118,447,0.305648497,0.915890635,0,low,smb,0.003566433,7,1,0
38,448,0.592982701,0.277715639,3,high,ssh,0.898423243,17,0,0
141,445,0.537683522,0.18788995,3,low,smb,0.217798561,13,0,0
159,381,0.004712426,0.26128736,6,medium,api,0.426078992,1,0,0
47,438,0.072389398,0.751371771,1,low,smb,0.971925797,11,0,0
109,220,0.290368212,0.370058036,3,medium,api,0.826762582,0,0,0
180,378,0.882235081,0.173389281,0,low,api,0.107930855,14,0,0
184,94,0.147014955,0.098385493,3,high,rdp,0.508519032,10,0,0
15,457,0.71089433,0.327313189,0,medium,api,0.730079026,17,0,0
157,103,0.973366566,0.13613644,1,low,ssh,0.698392785,16,1,1
136,223,0.790567553,0.156373613,1,high,rdp,0.760841852,2,0,0
5,186,0.242945362,0.683883973,9,low,ssh,0.457454655,14,0,0
157,469,0.90836526,0.019732096,2,low,api,0.175922929,12,0,0
47,184,0.093107157,0.117553262,7,low,smb,0.464872444,2,0,0
68,495,0.468141942,0.844365491,5,high,api,0.647887249,12,1,1
76,162,0.887541908,0.844914085,5,low,api,0.608592087,8,0,1
173,247,0.641265709,0.329243479,8,low,smb,0.070522054,9,1,0
130,31,0.413644565,0.087953008,7,high,smb,0.064952434,0,0,0
155,52,0.292812867,0.704970334,1,medium,ssh,0.965257831,1,0,0
95,345,0.375099405,0.360131688,5,low,rdp,0.151805455,13,0,0
115,76,0.508941781,0.045464627,0,medium,rdp,0.294462464,4,0,0
164,385,0.31904393,0.157826981,8,high,rdp,0.767634482,9,0,0
36,439,0.968967862,0.137214812,3,low,ssh,0.409677076,18,1,1
26,278,0.933077653,0.589116344,3,medium,ssh,0.181464853,7,0,0
43,40,0.870671468,0.898117584,8,low,smb,0.467232382,12,0,1
27,101,0.421829836,0.793072033,2,medium,rdp,0.568949971,8,1,1
69,111,0.691301769,0.546516045,4,low,api,0.452766609,17,0,0
148,385,0.902829307,0.422155165,0,medium,ssh,0.918946075,3,1,1
11,321,0.850429488,0.618676709,5,low,api,0.284699295,7,0,1
74,249,0.414327014,0.443812741,2,medium,rdp,0.661332161,4,0,0
104,191,0.112386049,0.246099123,0,low,rdp,0.112294721,5,0,0
38,490,0.075630364,0.679197455,9,low,ssh,0.392285458,19,0,0
134,182,0.577064045,0.873243946,5,low,ssh,0.740993252,4,0,1
23,426,0.642627935,0.372870331,9,medium,smb,0.224816941,0,0,0
47,405,0.849842605,0.841538468,1,low,api,0.589771046,18,0,1
90,335,0.29251502,0.431082046,7,low,smb,0.153437029,3,0,0
46,209,0.167470491,0.401335943,1,low,smb,0.102701691,0,1,0
107,22,0.379005833,0.028324358,3,medium,api,0.523232749,18,0,0
140,166,0.353575124,0.695278901,2,low,rdp,0.675010996,3,1,0
141,99,0.132468954,0.807502525,8,medium,api,0.113367066,13,0,0
104,493,0.672282653,0.66355692,1,low,rdp,0.917776252,13,0,1
190,208,0.508691941,0.151360951,2,low,smb,0.225772263,8,0,0
111,8,0.721122756,0.103293468,6,medium,rdp,0.119975308,18,1,0
104,190,0.35269112,0.572858752,3,high,rdp,0.202698908,10,0,0
60,175,0.325702212,0.401516254,5,low,rdp,0.169572457,15,0,0
171,273,0.472575853,0.429097783,2,low,api,0.090674651,18,0,0
100,17,0.877407345,0.967800247,0,low,rdp,0.797839235,3,0,1
68,90,0.040281307,0.723922671,5,medium,api,0.495537775,8,0,0
133,141,0.804832817,0.411787739,3,low,ssh,0.38851944,16,1,1
120,145,0.368987613,0.01909928,1,medium,ssh,0.950627927,14,1,0
37,166,0.854619026,0.034095698,6,low,smb,0.371008387,7,0,0
72,337,0.802203009,0.684803696,9,low,smb,0.166972726,12,0,1
127,496,0.348761247,0.83773876,4,low,api,0.274042892,0,0,0
106,78,0.693876535,0.70770263,5,medium,rdp,0.238966534,1,0,0
92,429,0.159632757,0.405887753,5,medium,rdp,0.49874128,9,0,0
31,262,0.896281552,0.031135738,8,low,ssh,0.291505124,12,0,0
122,163,0.404491064,0.96740163,1,high,api,0.516061172,10,0,0
137,366,0.455625615,0.986336062,5,low,rdp,0.669293425,13,0,1
51,14,0.705759051,0.549364551,8,medium,rdp,0.777298786,15,1,1
29,239,0.820840237,0.070670965,3,low,api,0.710157781,5,0,0
40,72,0.236342743,0.540972506,5,low,smb,0.205590716,1,0,0
41,445,0.66135014,0.89233847,6,medium,api,0.115899719,4,0,1
11,143,0.391998044,0.67998551,0,medium,api,0.542450159,18,1,1
151,310,0.368702924,0.719989231,4,low,rdp,0.198911791,6,0,0
1,283,0.690025824,0.084969837,3,medium,ssh,0.084933722,16,0,0
46,269,0.387183274,0.106511637,9,low,rdp,0.527094343,4,0,0
101,241,0.3461085,0.127348776,1,medium,rdp,0.326794185,11,0,0
149,415,0.835888408,0.904376834,1,low,rdp,0.756149012,18,0,1
90,245,0.101276124,0.525849636,1,medium,api,0.314191631,17,1,0
110,163,0.675892623,0.791575096,6,low,api,0.978717137,11,0,1
164,60,0.248725394,0.11529126,3,low,rdp,0.758523191,2,0,0
182,6,0.015498242,0.927642706,5,low,rdp,0.057693221,3,0,0
57,197,0.166764269,0.821142091,6,low,ssh,0.50887274,14,0,0
1,470,0.60666153,0.224764145,8,low,smb,0.562620501,14,1,1
63,58,0.709127191,0.874182233,1,low,rdp,0.695302711,10,0,1
182,305,0.021057784,0.263442759,9,medium,api,0.497796797,1,1,0
55,407,0.036425443,0.205339879,8,low,smb,0.483443598,17,0,0
115,217,0.902542115,0.264243937,4,medium,smb,0.367938612,2,0,0
168,418,0.073305818,0.909955063,5,medium,ssh,0.271461384,17,0,0
143,26,0.894182159,0.915591986,5,high,smb,0.946200212,13,1,1
149,303,0.228165914,0.328995775,2,high,rdp,0.31759667,5,0,0
175,5,0.7400178,0.705434185,9,high,rdp,0.063421325,1,0,0
53,474,0.309733249,0.675745255,6,medium,api,0.167284739,0,0,0
137,20,0.858752026,0.806562632,6,low,rdp,0.857276636,7,0,1
180,390,0.700454865,0.2965095,7,medium,rdp,0.586633459,9,1,1
57,198,0.401813459,0.510138542,4,high,ssh,0.778780549,19,0,0
117,59,0.076302454,0.667673951,1,low,smb,0.808781546,17,0,0
154,448,0.732700184,0.026256819,2,low,ssh,0.823236439,19,0,0
169,242,0.616884756,0.376738745,8,low,smb,0.550613708,10,1,1
35,146,0.002911718,0.695888358,5,medium,ssh,0.177120596,17,0,0
63,388,0.009419856,0.252595093,7,low,api,0.148232752,15,1,0
25,273,0.808792973,0.957704107,7,medium,ssh,0.57398442,4,1,1
90,249,0.259399739,0.030161372,4,medium,ssh,0.366514354,6,0,0
75,14,0.636133668,0.958087188,0,high,api,0.558048241,1,0,0
38,462,0.45421442,0.216763868,5,medium,rdp,0.498477844,10,0,0
130,13,0.863430015,0.048822042,6,medium,rdp,0.60219808,12,0,0
135,391,0.916961113,0.292474033,8,low,api,0.032111791,19,0,0
162,384,0.996807713,0.786282307,1,low,api,0.032836681,15,0,1
91,44,0.153684136,0.752442006,1,low,ssh,0.721595171,13,0,0
17,375,0.862964046,0.208840416,9,low,api,0.193127244,6,0,0
128,399,0.266021377,0.196790134,0,low,api,0.652198462,6,0,0
171,19,0.590815875,0.642579916,4,medium,smb,0.546575911,11,0,0
187,63,0.505772834,0.45808269,1,medium,smb,0.981794471,11,0,0
108,491,0.017988132,0.792289953,2,medium,rdp,0.835405879,19,0,0
179,239,0.93277128,0.024132779,1,low,api,0.413134521,0,0,0
182,492,0.078327055,0.610411861,3,low,ssh,0.61641282,5,0,0
152,419,0.688218919,0.730672012,2,medium,rdp,0.117289457,7,0,0
25,337,0.785006836,0.993386112,8,low,rdp,0.386386043,12,0,1
199,419,0.795287849,0.678781694,9,low,rdp,0.733887741,4,1,1
180,403,0.135494519,0.231845157,1,low,api,0.622671584,9,0,0
198,404,0.447569951,0.108186195,6,low,api,0.484471324,13,1,0
88,100,0.82942887,0.640916775,2,low,ssh,0.176529104,8,0,0
161,163,0.30267921,0.523183068,9,low,ssh,0.803145926,16,0,0
177,416,0.467748675,0.899145288,7,low,rdp,0.273166604,2,0,0
29,122,0.272793893,0.726608021,3,medium,api,0.820479082,11,0,0
63,432,0.463551418,0.50974245,3,low,ssh,0.611609063,11,0,0
150,44,0.887837923,0.403589471,8,low,smb,0.372731428,10,0,1
154,360,0.455124231,0.4043747,2,high,smb,0.040605222,3,1,0
156,408,0.555912017,0.226304286,6,medium,rdp,0.232418844,7,1,0
114,317,0.403976283,0.017325972,0,low,smb,0.889070925,9,0,0
49,381,0.460117183,0.574910588,6,high,rdp,0.817974344,13,0,0
199,145,0.015174199,0.212414733,9,low,api,0.574853313,0,0,0
81,327,0.28374551,0.208326918,1,low,rdp,0.466322464,11,0,0
84,363,0.436581722,0.125381229,5,high,rdp,0.647142679,4,0,0
105,50,0.633796976,0.18959549,8,high,api,0.466248128,13,0,0
177,65,0.450051931,0.03178915,5,low,ssh,0.644304841,3,1,0
148,355,0.337817043,0.67423145,2,medium,ssh,0.3074041,16,0,0
118,288,0.388098735,0.401397116,0,medium,ssh,0.838497218,12,1,0
86,164,0.242293329,0.561524599,3,low,ssh,0.701917893,2,1,0
63,141,0.924494283,0.636957618,3,low,rdp,0.329975628,10,0,1
189,454,0.521743226,0.972484562,7,low,ssh,0.830666115,10,0,1
104,314,0.013409454,0.068265866,9,high,smb,0.487342531,4,0,0
49,128,0.019446258,0.417917685,9,low,smb,0.174638865,5,0,0
71,398,0.972961635,0.245897934,6,medium,ssh,0.077712462,3,0,0
1,421,0.221450891,0.476711932,9,low,smb,0.699605748,9,0,0
141,368,0.805608289,0.920472301,6,low,smb,0.865120804,9,0,1
179,463,0.058275302,0.723984265,6,medium,api,0.807441989,11,0,0
123,239,0.921162737,0.661949586,1,medium,api,0.65565103,17,0,1
184,324,0.874417004,0.441245876,8,low,ssh,0.141375056,14,1,1
62,296,0.571093162,0.671112498,5,low,rdp,0.094044076,17,0,0
32,187,0.008998657,0.032375377,1,medium,rdp,0.345029623,2,0,0
158,208,0.257810874,0.586238672,0,low,api,0.85491089,2,0,0
29,220,0.406822647,0.553776563,0,low,api,0.96173627,0,0,0
49,400,0.460064117,0.346640432,0,medium,rdp,0.241360855,16,0,0
173,190,0.297678759,0.201514125,3,low,ssh,0.762095671,9,0,0
30,388,0.032947868,0.807555551,3,low,rdp,0.573869217,5,0,0
144,429,0.590127406,0.053862114,8,low,rdp,0.031807367,10,0,0
168,346,0.524154668,0.069672864,0,high,smb,0.54291635,13,0,0
19,284,0.283000635,0.440521744,2,low,rdp,0.805940403,16,0,0
18,352,0.037975968,0.252554547,2,medium,api,0.276122783,6,0,0
1,237,0.994594187,0.745452414,7,low,ssh,0.897361624,3,0,1
78,194,0.481986187,0.634190077,1,low,rdp,0.236260407,10,0,0
115,287,0.756004242,0.772534796,5,low,smb,0.076473133,18,0,1
175,259,0.452314035,0.324678956,3,low,api,0.159939309,8,0,0
194,246,0.043170291,0.74051894,9,medium,api,0.837002869,7,0,0
113,136,0.309600745,0.862303236,5,low,smb,0.417305919,19,0,0
114,280,0.320110141,0.345274494,4,medium,api,0.796945564,3,0,0
166,271,0.838352904,0.339895821,8,low,smb,0.531233061,15,0,1
179,171,0.654229978,0.899951404,8,low,api,0.480559125,5,0,1
63,159,0.275429904,0.049790253,0,low,api,0.806913151,5,0,0
132,201,0.967739955,0.350189406,2,medium,api,0.423487612,18,0,0
129,487,0.321541832,0.118672492,0,medium,api,0.802032731,1,0,0
8,45,0.998234026,0.02898059,5,medium,smb,0.100662165,10,0,0
157,450,0.996163693,0.112869418,2,low,rdp,0.636310816,17,0,0
55,264,0.191210518,0.431245791,0,medium,api,0.702587057,8,0,0
103,71,0.312741116,0.686956069,5,low,smb,0.899097396,15,0,0
131,364,0.486044198,0.289282424,4,medium,smb,0.224323919,10,0,0
32,371,0.664100671,0.849675307,7,high,smb,0.60421988,13,0,1
10,103,0.528047449,0.437615629,1,low,rdp,0.433256564,7,0,0
110,490,0.969441469,0.968228051,7,low,ssh,0.382771656,12,0,1
162,125,0.723989164,0.954155669,4,medium,smb,0.106713555,9,1,1
124,313,0.212044849,0.773276223,7,medium,smb,0.134233331,11,0,0
87,464,0.10509755,0.932405496,9,low,smb,0.836988461,2,0,0
55,483,0.688401291,0.707096076,3,high,rdp,0.749753432,1,0,0
32,286,0.15845244,0.89558319,3,medium,api,0.38234113,10,0,0
178,458,0.78767684,0.236473717,9,low,rdp,0.828486581,17,0,1
135,230,0.311036667,0.3454202,3,low,smb,0.080766185,3,0,0
93,146,0.326893263,0.752930066,5,medium,ssh,0.624773917,7,0,0
8,370,0.010798392,0.424561238,3,low,smb,0.868176053,10,0,0
65,197,0.701011267,0.837327434,8,low,api,0.838864231,14,0,1
57,373,0.113269753,0.877638872,8,medium,ssh,0.37278276,1,0,0
67,221,0.772880577,0.299729485,2,medium,ssh,0.745233853,18,0,0
187,423,0.491867822,0.823450808,6,medium,rdp,0.427468146,14,0,1
72,60,0.784279815,0.154264271,4,low,rdp,0.840138164,12,0,0
54,98,0.583926539,0.334196712,8,medium,api,0.53076195,1,0,0
67,171,0.082433272,0.517964951,1,high,rdp,0.764857049,2,0,0
51,382,0.765652337,0.226443762,2,low,api,0.078571582,13,0,0
97,173,0.069799485,0.57926783,9,medium,ssh,0.590025972,19,1,0
92,151,0.478701721,0.578695079,4,high,ssh,0.550284177,12,0,0
8,453,0.172349214,0.206902895,4,medium,ssh,0.609976722,15,0,0
162,350,0.752335178,0.795641345,9,medium,api,0.695641608,11,0,1
35,390,0.911591228,0.631644489,6,low,rdp,0.91810897,0,0,1
96,440,0.554126163,0.317760507,7,low,rdp,0.785682082,5,0,0
88,122,0.527147294,0.232184783,7,medium,rdp,0.219637991,12,0,0
78,494,0.763963196,0.878750139,0,medium,smb,0.825896269,1,0,1
32,108,0.005078813,0.835742245,0,high,ssh,0.122079678,17,0,0
120,4,0.917758643,0.229760675,2,low,ssh,0.622198586,16,0,0
46,93,0.197448817,0.035605227,0,low,smb,0.882753808,18,1,0
144,407,0.984118884,0.804532596,0,low,ssh,0.101122054,14,0,1
196,6,0.736253948,0.615508555,9,medium,ssh,0.849692653,7,0,1
165,288,0.774251148,0.100882028,7,low,smb,0.798620734,8,0,0
182,106,0.65620298,0.587358206,0,medium,ssh,0.503775434,7,0,0
142,146,0.471663183,0.452182685,8,low,rdp,0.308897602,7,0,0
55,271,0.571627693,0.774550327,1,low,smb,0.405438228,10,0,0
176,424,0.046402886,0.209084842,8,low,ssh,0.968658136,17,0,0
7,378,0.623959509,0.453156744,6,high,rdp,0.201697556,16,0,0
74,96,0.626098102,0.156244114,8,medium,api,0.579604288,5,0,0
7,457,0.891200797,0.957527228,2,high,ssh,0.083240748,1,0,1
161,229,0.505656357,0.778738157,0,medium,smb,0.217893064,0,0,0
151,202,0.077144374,0.736722427,0,low,rdp,0.763316388,9,0,0
85,212,0.30619592,0.690206665,9,low,api,0.30259904,7,0,0
147,6,0.655629412,0.423336442,5,high,api,0.985766071,15,0,0
112,112,0.239258863,0.923282416,6,medium,ssh,0.500817043,13,0,0
125,376,0.280527822,0.072917012,8,low,api,0.516539325,15,1,0
147,379,0.820469016,0.803259072,5,medium,smb,0.036314739,13,0,1
36,447,0.584319732,0.215232732,4,low,api,0.95652675,6,0,0
29,323,0.508527432,0.324027956,1,low,ssh,0.174233441,17,0,0
188,106,0.318451967,0.519429729,1,low,api,0.538340599,19,1,0
82,139,0.730928036,0.782655011,7,medium,ssh,0.39567461,8,0,1
2,299,0.287718434,0.838534908,0,low,api,0.415584701,3,0,0
129,401,0.737063518,0.58373225,7,low,rdp,0.643300166,15,0,1
47,96,0.07010148,0.403035489,9,low,ssh,0.662088677,10,0,0
197,388,0.864541342,0.946502421,6,low,smb,0.154288615,8,0,1
148,447,0.499566463,0.246521296,6,low,smb,0.499586653,16,0,0
11,452,0.438508017,0.803094576,4,low,api,0.790477449,10,0,0
130,337,0.611023412,0.612049621,2,low,rdp,0.443286484,19,0,0
195,297,0.624192073,0.376895017,6,high,api,0.165804471,2,0,0
119,467,0.132035177,0.001367984,6,low,api,0.313216943,10,1,0
140,389,0.75623359,0.446599301,6,low,rdp,0.212379564,7,1,1
20,416,0.275928298,0.276719998,1,low,ssh,0.125817468,9,0,0
5,214,0.90496188,0.104346613,2,medium,smb,0.377581127,5,1,0
37,454,0.817850663,0.075158565,2,medium,rdp,0.540936243,16,0,0
166,291,0.346266042,0.347558327,3,low,api,0.072751525,5,0,0
137,22,0.807739293,0.614757389,8,high,ssh,0.603823372,6,0,1
53,193,0.356390499,0.837519315,9,medium,api,0.99302444,12,1,1
172,468,0.100947682,0.183563245,0,medium,ssh,0.964124932,5,0,0
99,150,0.961888239,0.424643971,6,low,smb,0.829173482,2,0,1
86,368,0.652602015,0.39195614,6,low,smb,0.266341113,12,1,1
108,247,0.456099527,0.513394009,3,medium,ssh,0.022407596,9,0,0
24,267,0.397773352,0.809587271,0,high,smb,0.833541703,3,0,0
81,461,0.324705334,0.553645218,2,medium,api,0.055720232,4,0,0
158,251,0.981447595,0.846654914,4,low,ssh,0.205628081,18,0,1
120,490,0.134747265,0.518551756,1,low,api,0.544453215,17,0,0
59,3,0.314805059,0.603847365,6,medium,ssh,0.178378039,6,0,0
128,393,0.48549764,0.437383242,9,medium,api,0.833788331,0,0,0
114,316,0.477999545,0.82309558,9,low,smb,0.777159696,16,0,1
115,76,0.471366484,0.923827206,6,low,rdp,0.755769506,19,0,1
14,87,0.175783816,0.639144738,9,low,api,0.816127616,19,0,0
9,270,0.144932527,0.820782449,4,medium,ssh,0.21970178,17,0,0
40,225,0.254767586,0.059003334,9,medium,smb,0.728892376,4,0,0
194,18,0.914526154,0.906111751,5,medium,ssh,0.355281503,5,0,1
25,113,0.113052968,0.188925067,0,medium,api,0.66684476,9,0,0
103,251,0.757425103,0.256520427,3,low,ssh,0.122021729,18,1,0
22,233,0.757548393,0.053330068,3,medium,ssh,0.70558658,9,1,0
4,329,0.809770404,0.965400117,7,high,api,0.972107728,5,0,1
154,279,0.886615489,0.852010849,1,high,smb,0.043600365,9,1,1
186,202,0.263036178,0.913184604,0,high,smb,0.093828901,9,0,0
29,83,0.224559469,0.847216168,6,low,api,0.123636767,11,0,0
109,125,0.465505667,0.479530553,5,medium,smb,0.430563905,3,0,0
98,175,0.265089169,0.924081934,4,high,rdp,0.290780185,12,0,0
37,69,0.734309989,0.96947282,7,medium,ssh,0.806920154,9,0,1
75,47,0.635939577,0.502566977,1,low,api,0.473787239,15,0,0
70,372,0.874987688,0.175624781,1,high,rdp,0.484537343,18,0,0
146,256,0.082738303,0.658622509,8,low,ssh,0.717038101,5,0,0
128,215,0.915083333,0.97543829,0,low,api,0.361968983,8,0,1
85,30,0.293348627,0.87214686,5,low,smb,0.353207247,13,0,0
42,281,0.490694346,0.861815176,2,medium,api,0.756926388,9,0,0
100,412,0.438611436,0.933818017,4,low,api,0.780041746,7,0,1
41,482,0.760311651,0.893952261,7,low,ssh,0.014398773,2,0,1
166,237,0.420333309,0.776281664,6,medium,ssh,0.143790476,16,0,0
34,248,0.943553146,0.718272832,3,medium,ssh,0.213098181,18,0,1
17,368,0.902533883,0.264767174,7,medium,rdp,0.351600469,2,0,0
165,495,0.872161152,0.621340021,9,low,smb,0.291448083,13,1,1
153,25,0.071258333,0.521488622,1,medium,api,0.668520048,5,0,0
122,74,0.854258062,0.861944092,6,low,api,0.828135234,18,0,1
76,206,0.781635445,0.491712573,4,low,smb,0.192086982,17,0,0
87,490,0.103512947,0.127742764,5,low,api,0.562980061,11,0,0
117,494,0.107414325,0.004972485,2,medium,ssh,0.367816251,14,1,0
106,314,0.101163812,0.67787312,9,low,api,0.505777875,5,0,0
86,94,0.011332593,0.549908387,6,low,smb,0.620757842,11,1,0
27,375,0.548634305,0.330962904,6,low,rdp,0.893599819,18,0,0
57,127,0.973394291,0.16897215,1,low,rdp,0.192292668,6,0,0
31,425,0.438684703,0.466715322,0,high,smb,0.087006587,19,0,0
134,25,0.540757502,0.100286472,9,high,api,0.627211919,9,0,0
168,334,0.967969797,0.336108489,1,low,api,0.394130849,17,0,0
98,355,0.255182229,0.379211906,7,low,rdp,0.162902693,1,0,0
12,116,0.858470253,0.465618695,9,low,api,0.117087167,12,0,1
53,48,0.546390467,0.466620751,2,medium,rdp,0.558909787,14,0,0
199,226,0.569476515,0.257005643,3,low,smb,0.300470595,3,0,0
138,266,0.343173857,0.850210982,7,low,smb,0.99742638,6,0,1
173,99,0.561584361,0.355543506,2,low,api,0.405900819,2,0,0
145,459,0.073142509,0.229587309,5,low,ssh,0.212286609,15,0,0
154,11,0.764643573,0.175809883,1,low,ssh,0.628849045,8,1,0
190,85,0.284687762,0.322578395,2,low,rdp,0.24425489,16,0,0
122,405,0.887608329,0.067552883,0,low,smb,0.494086043,7,0,0
46,214,0.367850695,0.032907523,8,low,rdp,0.482576184,17,0,0
64,173,0.14282411,0.605142197,3,high,smb,0.45355763,12,0,0
130,391,0.695881574,0.619147136,5,low,rdp,0.796085696,1,0,0
54,209,0.164578145,0.529588203,6,low,rdp,0.216613001,0,0,0
107,448,0.753680516,0.762285195,1,high,rdp,0.904307305,15,0,1
193,382,0.968112236,0.039150544,7,high,api,0.791340503,15,0,0
51,64,0.779552869,0.935973108,8,low,ssh,0.333122364,10,0,1
181,258,0.022449248,0.095065123,9,medium,smb,0.180602506,3,0,0
36,332,0.599885788,0.674022994,1,low,rdp,0.279535025,10,1,1
115,121,0.695410671,0.133396589,4,medium,ssh,0.332636247,5,0,0
26,298,0.825458326,0.879905433,1,high,rdp,0.556933169,10,0,1
29,466,0.056002309,0.510713287,4,low,rdp,0.046368169,0,0,0
149,54,0.480107828,0.082293541,6,low,smb,0.91435913,8,1,0
11,331,0.535370873,0.616724113,5,low,api,0.098674857,6,0,0
40,272,0.169124863,0.009109944,3,medium,rdp,0.279273394,2,0,0
11,241,0.32244981,0.776022178,1,medium,smb,0.109287438,8,0,0
164,243,0.440221726,0.650584987,6,medium,api,0.256672827,1,0,0
113,18,0.833209688,0.212624749,9,low,api,0.837673819,9,1,1
187,483,0.929407566,0.374750916,8,low,ssh,0.615175811,16,1,1
39,187,0.628422829,0.007806694,0,medium,ssh,0.227323225,0,0,0
54,346,0.394945186,0.693683815,2,low,rdp,0.87175853,17,0,0
98,144,0.254031018,0.322668138,6,low,ssh,0.800712059,5,0,0
55,262,0.982135184,0.571588915,8,low,smb,0.753649282,5,0,1
111,441,0.983019998,0.956727628,4,medium,smb,0.847632698,8,0,1
152,364,0.924976948,0.299466713,6,medium,ssh,0.619649682,9,0,0
150,491,0.78566915,0.990237884,9,medium,smb,0.50143736,14,0,1
69,431,0.325779544,0.632728386,6,low,smb,0.373935026,3,0,0
56,239,0.817000483,0.242088666,3,high,rdp,0.22376402,7,0,0
33,304,0.408793017,0.436777883,4,medium,rdp,0.557411658,3,1,0
36,298,0.326773098,0.740453122,1,low,smb,0.889492346,2,0,0
148,76,0.744865358,0.446477908,7,low,ssh,0.593981789,3,0,0
81,188,0.079653928,0.068507567,0,low,smb,0.919606862,0,0,0
190,333,0.048562723,0.168603661,1,high,api,0.35691737,8,0,0
109,388,0.447953697,0.791297746,2,low,api,0.695137973,10,0,0
154,487,0.445638801,0.648373076,6,low,api,0.648665472,18,0,0
194,246,0.895644153,0.569825477,5,low,rdp,0.670433844,19,0,1
73,130,0.126153096,0.167621971,6,medium,ssh,0.645042012,6,0,0
40,474,0.123283927,0.837757445,4,low,smb,0.221654675,4,0,0
17,315,0.1474526,0.96074011,3,low,ssh,0.143590898,1,0,0
129,411,0.029736261,0.040887097,6,low,ssh,0.978628256,18,0,0
61,283,0.071731738,0.078031871,2,low,ssh,0.045295129,2,0,0
171,79,0.659869867,0.884724503,9,low,api,0.467736487,14,0,1
104,72,0.431584329,0.815552254,6,low,smb,0.425080317,6,0,0
42,263,0.763603067,0.617934456,1,medium,rdp,0.360018958,4,0,0
25,191,0.992597719,0.944965209,7,medium,ssh,0.781983854,9,0,1
39,367,0.659034681,0.646430578,5,medium,ssh,0.745350288,8,0,1
35,375,0.050455571,0.215985276,2,low,api,0.905224924,13,0,0
131,430,0.104562865,0.728642324,2,medium,api,0.395487526,12,0,0
108,63,0.881004085,0.645710345,4,low,smb,0.564179528,0,0,1
172,488,0.527495945,0.985744702,2,low,rdp,0.892307047,15,1,1
179,380,0.824837159,0.213895736,5,high,rdp,0.993848063,19,0,1
102,12,0.856612336,0.597884936,1,medium,api,0.969294362,7,1,1
98,141,0.927674541,0.780167522,7,medium,smb,0.717843871,16,0,1
12,254,0.949829205,0.338983089,8,high,ssh,0.143227558,5,0,0
19,43,0.554825797,0.379679583,6,high,smb,0.023186012,1,0,0
101,17,0.341020172,0.887901838,2,medium,rdp,0.825218356,12,0,0
44,63,0.961864874,0.40419488,9,medium,api,0.840942024,7,1,1
187,253,0.547406406,0.624732852,3,medium,ssh,0.746360908,8,0,0
49,465,0.064252723,0.889238138,9,low,ssh,0.279923486,12,0,0
189,376,0.64277655,0.209826583,1,low,rdp,0.63981786,17,0,0
17,292,0.58768475,0.981877296,8,medium,ssh,0.316248442,17,0,1
74,469,0.895792873,0.701953534,4,low,smb,0.450648246,8,0,1
57,8,0.653187189,0.496121694,1,low,rdp,0.382435085,1,0,0
55,325,0.349052424,0.430920564,9,low,rdp,0.913640087,3,0,0
47,90,0.966225726,0.954364616,5,low,ssh,0.234157331,17,0,1
12,208,0.801619486,0.205724828,6,high,rdp,0.577610905,16,0,0
62,292,0.630417618,0.311683257,1,medium,api,0.360981529,11,0,0
80,284,0.292925203,0.307792756,0,low,smb,0.663071112,15,1,0
83,118,0.373540296,0.289006335,6,high,rdp,0.564563141,12,0,0
8,349,0.669969924,0.468538045,0,high,api,0.923977681,10,1,1
149,175,0.071980818,0.989179233,2,low,ssh,0.101612152,13,0,0
81,76,0.256680592,0.888786767,3,high,rdp,0.22064084,9,0,0
118,101,0.713900933,0.327949568,1,low,api,0.766347964,18,0,0
198,414,0.48001851,0.422870116,6,low,ssh,0.36878684,16,0,0
25,151,0.402393565,0.669480746,4,low,api,0.165783786,8,0,0
89,400,0.151457622,0.017151681,0,medium,ssh,0.503321259,13,1,0
12,270,0.441849034,0.820153659,7,low,smb,0.652142062,4,0,0
143,458,0.770691971,0.879798057,9,medium,rdp,0.044826714,2,0,1
59,71,0.264012846,0.857200334,6,medium,smb,0.291621889,7,0,0
154,493,0.005398542,0.375054387,3,low,smb,0.809422538,17,0,0
109,180,0.668504901,0.461999507,1,low,rdp,0.520244567,2,0,0
26,124,0.972626604,0.012388322,6,low,smb,0.035379215,1,0,0
47,381,0.606826564,0.399395348,1,low,smb,0.281951005,10,1,0
32,293,0.119921859,0.460426822,5,medium,api,0.639140656,4,0,0
10,285,0.320733092,0.906974293,0,medium,ssh,0.19935947,6,0,0
16,195,0.867641615,0.893987674,6,medium,smb,0.827391406,13,1,1
199,399,0.232568074,0.966097064,6,low,rdp,0.676575907,18,0,1
145,228,0.607695903,0.885104985,3,medium,api,0.471379061,1,0,0
151,431,0.402671208,0.008200709,3,medium,ssh,0.915623781,8,0,0
26,430,0.207843721,0.641460852,9,high,smb,0.391800771,9,0,0
86,436,0.813406894,0.068237683,4,medium,smb,0.235073411,18,0,0
135,275,0.742831276,0.272594286,1,medium,rdp,0.661402993,16,0,0
14,461,0.661591066,0.578307629,8,low,smb,0.573295187,6,0,0
79,106,0.23633659,0.700613818,9,medium,rdp,0.335247901,17,0,0
117,21,0.097857003,0.654632026,3,high,smb,0.343664561,5,0,0
7,64,0.57615933,0.049058367,8,low,smb,0.398210309,8,0,0
137,165,0.553677834,0.10360387,2,low,rdp,0.291138567,7,1,0
115,27,0.188385009,0.128586813,8,low,ssh,0.710241406,8,0,0
176,311,0.056246694,0.091414377,0,medium,api,0.651358405,0,0,0
72,285,0.080708454,0.178234423,6,low,rdp,0.440777653,1,0,0
59,148,0.992770987,0.688487791,3,low,ssh,0.397854676,3,0,1
82,281,0.783583895,0.830837251,6,high,ssh,0.365051269,19,0,1
116,326,0.921987476,0.40881389,9,medium,rdp,0.283468321,17,0,1
167,319,0.195054722,0.692781506,5,low,api,0.085696663,9,0,0
146,164,0.960568536,0.200016261,3,low,rdp,0.268204686,0,0,0
187,386,0.142654351,0.973280152,3,low,smb,0.321201349,9,1,0
103,406,0.509081829,0.349997523,7,low,smb,0.547684006,8,0,0
17,224,0.829695684,0.845866906,6,low,ssh,0.773788509,12,0,1
14,272,0.349803355,0.945366373,3,low,smb,0.395702145,14,0,0
159,146,0.424828533,0.864713963,5,medium,api,0.944756906,17,0,1
152,453,0.12818511,0.067067652,5,medium,rdp,0.827349963,12,0,0
108,438,0.12292188,0.650307157,0,low,api,0.984801848,4,0,0
188,356,0.619568225,0.120090707,1,low,ssh,0.876203041,1,0,0
45,30,0.675532369,0.005663001,3,medium,smb,0.616725949,6,0,0
98,45,0.777332514,0.051783444,5,low,smb,0.598479288,8,1,0
131,275,0.556682053,0.916149196,5,low,rdp,0.129526127,18,1,1
37,471,0.645759292,0.908463514,0,medium,api,0.722399249,13,1,1
171,34,0.013517272,0.225824388,7,medium,api,0.600206858,16,0,0
168,141,0.162170727,0.547061215,1,low,rdp,0.506932103,19,0,0
183,427,0.984914766,0.955028262,4,medium,smb,0.693286873,19,0,1
108,318,0.075993506,0.49670613,3,medium,ssh,0.444047843,10,0,0
39,374,0.678788222,0.39357782,4,high,ssh,0.523859662,4,0,0
15,221,0.176082633,0.483248694,4,low,rdp,0.398352305,11,0,0
120,356,0.716718586,0.790215762,9,medium,rdp,0.717370893,8,0,1
4,22,0.705990403,0.477277633,7,low,rdp,0.876610971,16,0,1
93,180,0.23419906,0.783277681,9,medium,api,0.840844939,7,0,0
153,436,0.269634399,0.431697446,6,medium,smb,0.786025272,7,0,0
141,367,0.654770714,0.252005671,8,low,smb,0.013787705,11,1,0
161,420,0.390086039,0.32647273,0,medium,rdp,0.911880464,18,1,0
16,329,0.19454797,0.077823465,5,low,ssh,0.274875721,9,0,0
170,231,0.731679599,0.497381144,5,low,api,0.887973943,1,1,1
108,499,0.154147524,0.148110925,1,low,rdp,0.196968103,7,0,0
126,403,0.855643664,0.811547006,7,medium,api,0.439645751,13,0,1
194,38,0.514669524,0.420590574,5,low,rdp,0.749398794,18,1,1
55,70,0.105700604,0.765002324,9,medium,api,0.640278945,3,0,0
170,116,0.694072334,0.954460428,8,medium,ssh,0.415921938,8,1,1
34,239,0.51916304,0.84947795,9,medium,ssh,0.678623857,12,0,1
158,335,0.298057572,0.95146368,4,low,ssh,0.54894951,8,0,0
13,441,0.42253938,0.567936527,6,medium,ssh,0.275736307,12,0,0
141,148,0.298337744,0.165324434,5,low,smb,0.646329445,15,0,0
18,9,0.263025836,0.935395954,4,medium,smb,0.204247086,0,0,0
160,288,0.163608421,0.868504391,5,medium,api,0.693988284,7,0,0
96,388,0.362767133,0.864412991,3,low,rdp,0.003110878,8,0,0
123,50,0.250987206,0.693274427,2,medium,smb,0.548772514,12,0,0
39,338,0.683434487,0.624916262,0,low,rdp,0.401067628,16,0,0
46,5,0.683876741,0.014723892,0,low,api,0.303103774,8,0,0
29,404,0.501840243,0.748054069,5,low,rdp,0.515707967,6,0,0
190,343,0.777944527,0.091535117,8,high,ssh,0.645311633,19,0,0
62,126,0.841339719,0.259750936,7,high,ssh,0.965312266,9,0,0
185,75,0.579766457,0.551490295,1,medium,smb,0.83306449,4,0,0
16,165,0.618935163,0.451732585,8,high,api,0.717149883,16,0,1
184,278,0.28288591,0.01577439,7,low,smb,0.478966912,1,1,0
121,442,0.894869201,0.823985058,8,high,smb,0.39214412,8,0,1
10,324,0.024206044,0.878800958,3,low,smb,0.032529655,1,0,0
158,477,0.348602469,0.681872943,8,medium,api,0.359096903,9,0,0
153,300,0.721800422,0.541067859,1,medium,ssh,0.848377139,11,0,0
103,290,0.08008951,0.960737839,0,low,ssh,0.384024582,1,0,0
84,77,0.183169527,0.119956208,8,low,smb,0.461584999,14,0,0
133,298,0.589285728,0.737910054,9,low,rdp,0.271834424,2,0,0
65,137,0.559993671,0.128360613,7,high,ssh,0.274132759,1,0,0
177,106,0.738928296,0.381844799,6,low,ssh,0.061871761,6,0,0
3,95,0.812612639,0.585484509,7,low,api,0.613803926,8,0,1
173,135,0.128579579,0.737087691,0,medium,ssh,0.448069403,10,0,0
142,68,0.01838099,0.0037161,8,low,ssh,0.605960807,15,0,0
120,147,0.68963852,0.260597886,9,low,smb,0.5468869,6,0,0
158,490,0.301391796,0.538200391,8,medium,smb,0.798844587,12,1,1
68,478,0.625983914,0.532873679,8,low,api,0.751011912,2,0,0
146,159,0.150544588,0.637626435,5,medium,api,0.771453853,10,1,0
190,384,0.469040047,0.303853581,3,low,rdp,0.499239007,2,0,0
37,163,0.504424746,0.540529251,1,low,ssh,0.353881351,14,0,0
153,441,0.585077816,0.189786777,3,medium,smb,0.933436591,7,0,0
176,341,0.513170016,0.186872214,6,low,smb,0.054269774,6,0,0
193,189,0.49569077,0.576563963,0,high,ssh,0.152621308,4,0,0
181,415,0.332734154,0.685472585,8,high,api,0.419599092,5,0,0
73,339,0.071180236,0.120399967,2,low,smb,0.613957653,18,0,0
143,95,0.089520197,0.122789902,3,low,api,0.008200375,2,0,0
49,181,0.433778274,0.565302691,4,low,smb,0.719322819,10,1,1
121,288,0.355793128,0.270095752,2,low,smb,0.558726543,5,0,0
88,322,0.516134805,0.392399102,3,low,rdp,0.484702759,13,0,0
196,187,0.304838169,0.400748448,4,medium,smb,0.423495039,16,0,0
140,372,0.687910091,0.178552859,0,low,ssh,0.519487032,2,0,0
187,138,0.863954822,0.001314633,8,low,ssh,0.161785734,3,1,0
37,130,0.298863189,0.85315181,9,low,ssh,0.108711739,8,0,0
61,194,0.192984008,0.715001969,9,low,api,0.289637479,12,0,0
171,316,0.116180574,0.690538558,3,medium,smb,0.709504792,5,0,0
124,472,0.616254041,0.546505138,8,low,api,0.588287884,9,0,0
198,273,0.443855991,0.700969655,3,low,rdp,0.480123018,19,1,1
39,352,0.188015717,0.935688378,0,low,smb,0.571520966,19,0,0
184,144,0.653136733,0.665673736,4,high,ssh,0.559258013,12,0,1
63,16,0.148483183,0.265091402,8,low,rdp,0.307041925,13,0,0
46,302,0.554300706,0.570560052,2,high,rdp,0.097455947,11,0,0
88,423,0.527148382,0.442324403,4,low,smb,0.896782369,12,0,0
11,245,0.734227801,0.556419131,2,high,ssh,0.599911263,9,0,0
62,415,0.05510964,0.517610477,2,medium,api,0.697748,6,0,0
77,107,0.887872932,0.858775285,0,low,smb,0.463997224,4,0,1
153,88,0.702991726,0.651800103,1,medium,ssh,0.75648058,11,1,1
199,129,0.216125998,0.188758478,1,medium,rdp,0.584497264,1,0,0
52,395,0.183405349,0.063016779,8,low,smb,0.053801122,7,0,0
4,375,0.431660214,0.424363789,6,low,rdp,0.890097035,7,0,0
59,341,0.81756533,0.015610622,7,medium,ssh,0.305536147,18,0,0
72,4,0.842949993,0.318297386,1,medium,api,0.137890777,4,0,0
148,327,0.520456092,0.368021469,8,medium,api,0.088041008,7,0,0
93,410,0.860810863,0.375588874,2,medium,rdp,0.720440314,9,0,0
63,367,0.005443709,0.979350024,9,medium,rdp,0.703968367,12,1,1
54,306,0.035174632,0.303900877,1,medium,rdp,0.700162125,8,0,0
117,396,0.911821594,0.265227495,0,medium,smb,0.915752773,6,0,0
110,95,0.77533193,0.129380931,8,low,ssh,0.348943022,19,0,0
74,209,0.450706058,0.511008836,7,high,rdp,0.561133056,19,1,1
107,225,0.753610131,0.153674306,3,low,rdp,0.619495583,18,0,0
57,459,0.955639462,0.616294713,6,low,rdp,0.979481829,10,0,1
169,348,0.772089524,0.155159779,2,medium,api,0.312346144,7,0,0
3,480,0.842371334,0.576673318,2,low,rdp,0.9563312,15,0,1
120,321,0.760606581,0.826269239,3,low,ssh,0.148734333,9,1,1
6,47,0.168211092,0.042524634,1,low,api,0.764001456,5,0,0
5,476,0.83357411,0.419746975,9,medium,ssh,0.6328859,9,0,1
5,181,0.19510882,0.461048967,3,high,api,0.816896037,9,0,0
54,106,0.892611328,0.791072143,9,medium,api,0.028685574,18,0,1
47,199,0.458649898,0.467915632,2,low,smb,0.078131043,3,0,0
177,386,0.676976752,0.567535786,7,low,api,0.06969578,18,0,0
9,106,0.497240848,0.791204254,1,low,api,0.592959455,2,0,0
99,280,0.093990929,0.559758493,8,low,ssh,0.602936068,16,1,0
20,260,0.290722308,0.358299414,2,low,ssh,0.906104889,13,0,0
122,108,0.983731854,0.085842278,3,low,rdp,0.467603515,9,0,0
61,19,0.960714752,0.72991563,9,low,smb,0.068049055,5,1,1
123,410,0.320486898,0.87113815,9,low,api,0.209529402,15,0,0
163,459,0.996296804,0.970064537,2,medium,smb,0.008073095,8,0,1
178,296,0.845551195,0.926599881,2,high,rdp,0.776714525,11,0,1
82,306,0.610959499,0.797417909,7,high,smb,0.815599437,11,0,1
62,171,0.04012462,0.643471932,7,medium,api,0.997940416,13,0,0
145,331,0.90144683,0.781460146,5,low,ssh,0.412194449,1,1,1
3,493,0.557429279,0.432083713,3,medium,smb,0.019298375,9,0,0
160,195,0.868476151,0.594776215,0,low,api,0.234729881,3,0,0
13,12,0.83442912,0.348699809,3,medium,rdp,0.587768868,5,1,1
120,195,0.833006215,0.326709215,7,medium,api,0.961942967,12,0,1
125,490,0.698173861,0.756691773,5,medium,smb,0.103578551,13,0,1
89,283,0.291415139,0.453932782,1,high,api,0.12157302,3,1,0
73,369,0.336160258,0.212161263,2,medium,api,0.701758985,9,0,0
68,182,0.308469213,0.201938162,6,medium,smb,0.667207055,9,0,0
142,450,0.020046,0.859172362,3,low,smb,0.250506355,4,0,0
101,305,0.582568909,0.677760494,3,high,rdp,0.813144791,3,0,0
98,144,0.69883367,0.546046073,4,low,api,0.128778755,11,0,0
11,386,0.853865994,0.400938736,7,high,ssh,0.925741845,13,0,1
105,316,0.140165433,0.430817391,6,low,smb,0.20103193,6,1,0
184,182,0.544183149,0.057435194,8,low,api,0.081352373,1,0,0
67,30,0.008008141,0.454910145,4,medium,ssh,0.339522086,13,0,0
123,84,0.095093648,0.795454911,0,low,ssh,0.187841289,9,0,0
29,166,0.054211744,0.38798648,3,medium,api,0.526941225,15,0,0
137,284,0.725478034,0.383581253,5,low,api,0.686846537,2,0,0
195,281,0.081059564,0.015716583,5,high,api,0.490921578,7,0,0
153,96,0.716452982,0.457835263,8,medium,ssh,0.660607332,16,0,1
76,381,0.249624704,0.025337653,9,medium,api,0.364920514,3,1,0
170,266,0.877712961,0.570349428,4,low,smb,0.027922597,18,0,1
9,444,0.813149988,0.506783382,4,low,ssh,0.974064124,14,0,1
40,298,0.957830217,0.840008499,5,medium,smb,0.819413505,19,0,1
25,296,0.883762015,0.581780611,5,low,smb,0.073418824,9,0,0
5,225,0.933329419,0.323427355,2,low,api,0.449176396,9,1,1
139,333,0.858742397,0.516231009,5,medium,smb,0.63501907,11,0,1
187,361,0.693381901,0.699706356,7,low,api,0.190594271,8,0,0
124,374,0.170259152,0.093963795,5,low,ssh,0.577988611,14,0,0
38,42,0.271707519,0.621074088,4,low,smb,0.533648618,17,0,0
72,303,0.212726966,0.916626282,2,low,api,0.208265189,19,0,0
133,421,0.603585788,0.299130296,0,high,rdp,0.141210309,0,0,0
176,246,0.503619938,0.626625095,4,low,api,0.75896229,2,0,0
90,208,0.867079997,0.82132945,5,high,rdp,0.322586446,7,0,1
146,237,0.952672866,0.511806397,5,low,api,0.244040534,6,0,0
198,22,0.40485989,0.717979534,5,low,rdp,0.737878353,14,0,0
37,185,0.506350553,0.311010338,2,medium,smb,0.736068692,7,0,0
60,468,0.971516357,0.306058453,3,low,rdp,0.276401656,14,0,0
176,242,0.276238942,0.667584022,2,medium,smb,0.872568461,4,0,0
28,363,0.792390775,0.705408874,1,high,smb,0.688250165,11,1,1
197,283,0.225239902,0.9370097,7,low,api,0.345764218,11,0,0
81,41,0.681460115,0.224838575,6,medium,smb,0.42748965,8,0,0
114,336,0.253615628,0.468217596,7,low,ssh,0.726709686,8,0,0
40,162,0.883733389,0.250513473,5,low,rdp,0.211583833,14,0,0
45,160,0.561477944,0.080092161,6,low,api,0.468760792,14,1,0
62,474,0.185933641,0.403230528,0,high,smb,0.653558342,19,1,0
93,89,0.224369176,0.374080747,9,low,rdp,0.539498548,11,0,0
115,322,0.493849196,0.27043412,4,high,rdp,0.608328346,4,1,0
186,12,0.961602026,0.296994891,3,low,ssh,0.546212499,0,0,0
67,424,0.769642164,0.360411806,9,low,rdp,0.199227444,18,0,0
56,73,0.488309643,0.988837633,2,low,api,0.410205345,10,0,1
40,76,0.337719145,0.782957766,1,medium,api,0.531985495,17,1,1
98,346,0.549268493,0.071401201,8,medium,smb,0.780062742,5,0,0
40,201,0.748360833,0.872413176,7,low,smb,0.653904237,16,0,1
91,10,0.783928588,0.633303326,9,high,api,0.426590945,13,0,1
33,352,0.324608798,0.89059376,1,low,rdp,0.974399832,11,0,0
6,226,0.721159268,0.341709687,5,high,rdp,0.107795522,4,1,0
147,176,0.65778878,0.464518865,2,medium,ssh,0.206804869,6,0,0
80,276,0.959112292,0.896227057,2,medium,smb,0.34131261,15,0,1
168,39,0.931090291,0.272573136,4,medium,rdp,0.228572077,8,0,0
92,60,0.789379326,0.915500876,6,low,rdp,0.625441997,14,0,1
97,66,0.723394689,0.828499712,6,medium,smb,0.039550729,3,0,0
59,321,0.27404159,0.980557941,9,medium,api,0.177436784,19,0,1
59,435,0.845965256,0.324257587,0,low,rdp,0.293347238,6,0,0
48,124,0.427505704,0.23575318,6,medium,ssh,0.683345775,13,0,0
169,164,0.272240543,0.330866897,6,low,rdp,0.875864883,3,0,0
13,408,0.384160758,0.954649796,5,low,rdp,0.798491771,3,0,0
107,411,0.83593549,0.333073296,5,low,ssh,0.182080933,13,0,0
45,386,0.148633216,0.56521182,1,low,api,0.565405758,6,0,0
89,159,0.456158741,0.403679283,2,low,ssh,0.030022645,14,0,0
181,57,0.492357595,0.396220144,2,high,ssh,0.310536775,11,0,0
170,78,0.036629698,0.19337861,2,low,smb,0.805983795,13,0,0
100,194,0.19574603,0.537079541,1,medium,rdp,0.456665714,12,0,0
191,285,0.826742429,0.849404255,8,low,api,0.149941322,18,0,1
155,15,0.830767389,0.049485014,5,low,rdp,0.438553381,11,0,0
166,12,0.292415084,0.889226594,1,low,api,0.198032925,15,0,0
188,101,0.874897235,0.665472965,2,low,ssh,0.393191458,15,0,1
7,156,0.771782939,0.616738081,9,medium,smb,0.487833473,0,1,1
133,340,0.417907484,0.625900233,5,medium,ssh,0.349558113,14,0,0
45,125,0.748406344,0.296269836,3,low,rdp,0.93696895,4,1,1
58,359,0.961334631,0.415144504,6,low,smb,0.562530298,5,0,1
31,280,0.458969718,0.799290006,5,high,smb,0.842892674,16,0,1
23,405,0.238427179,0.306381037,5,low,rdp,0.760728547,10,0,0
170,394,0.9418165,0.47002021,2,low,api,0.661166309,3,0,0
138,110,0.603744289,0.019632271,7,medium,smb,0.496888748,17,1,0
160,334,0.105265162,0.733558353,8,low,api,0.002173784,19,0,0
107,357,0.572682816,0.417702177,5,high,api,0.613467601,13,0,0
181,146,0.500580889,0.525358768,1,medium,api,0.355957453,8,1,0
158,216,0.855588894,0.114689318,0,low,smb,0.117762167,2,0,0
39,398,0.53069519,0.991714229,2,low,ssh,0.444626264,2,0,0
159,162,0.255232434,0.302467827,2,medium,smb,0.735553322,10,0,0
82,128,0.675644064,0.634989662,7,low,ssh,0.961677795,19,0,1
100,314,0.542575453,0.581236345,4,high,smb,0.374104891,4,0,0
2,332,0.233044628,0.785092204,0,medium,ssh,0.542723299,3,0,0
77,150,0.573627858,0.293836956,3,low,ssh,0.851244383,11,0,0
12,454,0.821535578,0.755927345,6,medium,smb,0.33399942,11,0,1
39,36,0.028570918,0.382501731,4,low,api,0.142257245,3,0,0
194,173,0.630851039,0.411160966,9,low,api,0.281881831,2,0,0
13,420,0.349585196,0.672712526,5,medium,ssh,0.89912283,1,0,0
46,22,0.292671446,0.784285772,9,medium,rdp,0.159393108,3,0,0
155,206,0.39258775,0.666866636,3,medium,rdp,0.329221061,3,0,0
113,127,0.342022664,0.899879521,1,low,smb,0.464640311,6,0,0
17,336,0.832239107,0.28515903,8,medium,smb,0.847113223,1,0,0
104,445,0.274797811,0.900616732,1,low,smb,0.937713284,10,0,0
98,356,0.733153023,0.130863526,1,medium,rdp,0.42581031,4,0,0
188,440,0.09405982,0.659530319,1,medium,api,0.931954048,12,0,0
192,217,0.951396372,0.547630651,0,medium,smb,0.161459095,3,0,0
88,96,0.622316637,0.49463594,2,high,smb,0.156852292,8,0,0
109,417,0.706718577,0.310912029,5,high,api,0.94925082,6,0,0
163,429,0.298039332,0.503732745,6,high,ssh,0.509680134,12,0,0
70,164,0.412096569,0.161773356,0,high,smb,0.185907835,9,0,0
158,148,0.223778386,0.369320944,4,medium,rdp,0.487990371,6,0,0
199,18,0.932536086,0.098680917,4,high,rdp,0.783211155,17,0,0
74,294,0.488104447,0.5718466,0,high,smb,0.826920366,17,0,0
63,195,0.630448116,0.095767886,3,medium,rdp,0.863969257,1,0,0
156,151,0.734272031,0.160344644,9,low,api,0.569570903,0,0,0
60,480,0.371106091,0.085466801,0,low,ssh,0.866946014,12,0,0
79,365,0.720101655,0.38131064,0,medium,ssh,0.510030209,1,0,0
37,123,0.67599249,0.841958454,6,low,smb,0.607059902,3,0,1
22,400,0.705659334,0.906896392,6,medium,smb,0.758719802,8,0,1
196,187,0.4892299,0.071889455,2,low,ssh,0.425435293,7,0,0
148,453,0.382937382,0.634550141,6,low,ssh,0.073581487,17,0,0
96,452,0.222082188,0.684385425,2,medium,smb,0.350166357,15,0,0
68,149,0.824626353,0.533769942,1,high,rdp,0.623944217,3,0,0
192,104,0.608350047,0.666984861,9,low,smb,0.19233237,3,0,0
17,243,0.444352196,0.233690715,3,high,api,0.148385363,17,0,0
12,462,0.943995907,0.489644212,9,medium,smb,0.293080545,1,0,1
150,231,0.047838813,0.390875849,2,low,smb,0.032111462,10,0,0
145,479,0.850171945,0.089707951,6,low,smb,0.743422898,19,0,0
138,206,0.997582593,0.62555644,0,low,smb,0.258715602,3,1,1
118,198,0.886942111,0.495215193,5,low,smb,0.124238397,13,0,0
193,396,0.810436586,0.275174027,1,low,smb,0.699129416,16,0,0
22,400,0.374305993,0.47368526,7,low,rdp,0.842928013,7,0,0
120,337,0.231314182,0.775298018,4,low,smb,0.019875596,0,0,0
50,493,0.73485052,0.801657763,2,medium,ssh,0.233599771,18,0,1
14,87,0.304575366,0.649526129,9,medium,smb,0.945232325,18,1,1
192,142,0.176039682,0.467747833,6,medium,rdp,0.385254136,6,0,0
175,317,0.786525887,0.575749639,1,low,api,0.938592063,0,0,0
29,199,0.312543652,0.385015371,4,medium,ssh,0.274212538,0,1,0
164,46,0.914441729,0.126556343,7,high,smb,0.218067636,9,1,0
180,288,0.840632645,0.385620597,0,low,smb,0.214108412,12,1,0
125,15,0.84764033,0.530332756,0,high,ssh,0.08522866,4,0,0
7,44,0.771569726,0.598834015,2,medium,smb,0.896432289,11,0,1
29,401,0.880881424,0.935800976,2,medium,rdp,0.979835023,2,1,1
139,169,0.805746892,0.777333445,6,medium,smb,0.954508807,18,1,1
33,310,0.602511364,0.151992561,5,low,api,0.85202814,3,0,0
134,495,0.295822719,0.174182207,6,low,rdp,0.846887908,14,0,0
111,44,0.888209193,0.100494759,3,low,smb,0.661085467,12,0,0
79,98,0.840603623,0.738181727,1,low,api,0.826213712,10,0,1
160,261,0.472879322,0.706122278,1,low,ssh,0.208342364,1,0,0
179,109,0.039078686,0.986362902,9,high,rdp,0.38791263,8,0,0
58,283,0.638543727,0.522023418,0,low,smb,0.640836293,11,0,0
26,372,0.050596854,0.826414929,8,high,smb,0.874771333,3,0,0
174,343,0.926279962,0.576439859,6,medium,ssh,0.660469462,18,0,1
29,104,0.961631257,0.874086713,9,low,ssh,0.839021958,9,0,1
4,256,0.189490146,0.721021039,2,low,rdp,0.473949516,10,1,0
99,379,0.676389378,0.642884015,1,low,rdp,0.717303738,6,0,0
141,206,0.092269005,0.565122671,2,high,rdp,0.979980806,12,0,0
39,335,0.729516929,0.722970524,6,medium,smb,0.153488557,8,0,1
15,43,0.347287666,0.419653843,4,low,smb,0.926920692,11,0,0
119,353,0.681050112,0.096576581,2,high,rdp,0.522363948,1,1,0
29,245,0.372876509,0.039986129,8,medium,smb,0.643218031,0,0,0
157,287,0.14556751,0.479023732,1,low,ssh,0.877869007,6,0,0
75,355,0.406109981,0.599291582,6,medium,api,0.409654173,0,0,0
116,273,0.112673527,0.078849031,9,medium,smb,0.418692575,15,0,0
32,476,0.576883275,0.286903549,5,low,rdp,0.527181836,3,1,0
130,83,0.040951532,0.322032206,5,medium,smb,0.019102084,7,0,0
175,110,0.52731968,0.562795535,6,low,ssh,0.496666181,16,0,0
84,438,0.886368647,0.278482456,5,low,rdp,0.291087265,18,0,0
22,190,0.83787327,0.0956486,1,low,api,0.927954182,3,1,0
27,471,0.8827817,0.164856741,4,high,rdp,0.087735299,3,0,0
195,288,0.922048802,0.173947802,2,medium,rdp,0.459320462,7,0,0
81,424,0.104527888,0.842694944,8,low,rdp,0.94746817,9,0,0
126,397,0.128747203,0.284319687,7,low,smb,0.90103525,15,1,0
184,251,0.557006806,0.714691734,9,low,api,0.701348442,18,0,1
92,212,0.893972668,0.567838746,1,medium,ssh,0.589361052,0,0,0
21,291,0.974349457,0.977038754,0,low,smb,0.280730937,4,0,1
47,133,0.046261917,0.272822669,3,medium,api,0.366957113,1,0,0
101,201,0.355774084,0.158373021,3,high,api,0.090134865,15,0,0
187,285,0.212894255,0.052037838,9,medium,smb,0.786108298,12,0,0
84,326,0.755965849,0.240959662,1,low,rdp,0.323869768,5,0,0
6,409,0.640193869,0.684070886,6,low,api,0.667781899,3,0,0
147,95,0.119888031,0.085258225,2,low,ssh,0.357594777,6,0,0
185,278,0.483522067,0.244701845,6,medium,smb,0.464330441,1,0,0
197,450,0.685440522,0.855308368,6,medium,api,0.555002472,9,0,1
131,429,0.779005394,0.582952949,0,medium,ssh,0.801852408,13,0,1
1,325,0.02005271,0.06952154,5,low,ssh,0.211156378,7,0,0
58,219,0.890469574,0.047683144,3,high,ssh,0.398765387,2,0,0
124,89,0.569281383,0.061122875,7,low,ssh,0.130081572,2,0,0
166,72,0.811909115,0.94187505,7,low,smb,0.075760505,1,0,1
15,247,0.80793803,0.849871429,2,medium,ssh,0.604674356,16,0,1
162,129,0.18985266,0.844940042,3,low,smb,0.189091044,18,1,0
189,212,0.11017212,0.924216762,0,medium,ssh,0.059799342,9,0,0
163,428,0.721287269,0.50525539,9,medium,ssh,0.897097931,11,0,1
64,343,0.156426919,0.247344671,1,medium,smb,0.53431442,10,0,0
25,96,0.849937491,0.401348004,6,low,rdp,0.134628207,8,0,0
24,75,0.726189484,0.718864073,6,low,api,0.053426127,12,0,1
12,423,0.841825364,0.876032872,8,low,api,0.119860053,5,0,1
18,495,0.29901268,0.435090927,9,low,smb,0.47133724,13,0,0
15,54,0.31659806,0.535380955,8,high,ssh,0.668465255,10,0,0
27,344,0.671221556,0.931782993,8,medium,smb,0.641280075,4,0,1
72,459,0.031445955,0.107498637,5,low,ssh,0.144423086,1,0,0
60,413,0.726496746,0.862299217,7,high,smb,0.633488952,6,0,1
174,54,0.835783071,0.159307482,8,medium,api,0.404865624,16,0,0
145,218,0.415163587,0.48386135,6,low,smb,0.464743784,5,0,0
93,16,0.76487883,0.218423129,3,low,api,0.801430406,13,0,0
53,99,0.174610917,0.602947631,3,low,api,0.332499373,3,0,0
8,20,0.322260394,0.558573422,5,high,api,0.146999047,2,0,0
79,46,0.974304963,0.380007364,3,low,smb,0.873453134,10,0,1
27,451,0.986328174,0.863303515,6,high,rdp,0.212130576,0,0,1
174,193,0.512605053,0.65981332,7,low,smb,0.294029871,13,1,1
50,383,0.934269791,0.721205125,7,high,smb,0.706590059,5,0,1
199,58,0.522730678,0.150659738,7,low,rdp,0.683550317,16,0,0
131,437,0.291588128,0.883165678,1,high,rdp,0.800400021,16,0,0
93,111,0.266899288,0.167040164,9,high,api,0.183866641,10,0,0
192,129,0.929505705,0.222784964,1,low,ssh,0.352279893,6,0,0
172,337,0.172446389,0.128055138,1,medium,ssh,0.125883239,12,0,0
181,194,0.579632458,0.440359208,1,medium,api,0.541039147,7,0,0
24,413,0.555525068,0.887709232,3,high,smb,0.292570593,7,0,0
60,340,0.739621685,0.25244752,4,low,ssh,0.688935641,8,0,0
122,326,0.499242908,0.37375342,3,low,smb,0.000344368,6,0,0
131,8,0.272285661,0.84606642,4,high,rdp,0.059682998,8,0,0
148,29,0.1693965,0.61781528,3,medium,rdp,0.432560301,10,0,0
46,112,0.620818804,0.751616394,6,low,api,0.958184156,1,0,1
15,435,0.718990757,0.214000049,9,medium,smb,0.890851387,17,0,0
153,161,0.569521279,0.716489863,0,low,api,0.994009028,2,0,0
199,131,0.738351277,0.227610579,0,medium,ssh,0.416830225,17,0,0
17,188,0.141521202,0.987313982,1,low,ssh,0.046568486,15,0,0
126,163,0.882470195,0.559886156,0,low,ssh,0.305956142,7,0,0
84,197,0.582395508,0.695639258,9,low,smb,0.675770852,7,1,1
9,475,0.126843927,0.118401584,9,low,api,0.13516381,5,0,0
166,364,0.461925204,0.25065598,2,low,api,0.299972179,1,0,0
176,204,0.844791738,0.13974066,5,low,ssh,0.056166165,15,0,0
188,212,0.897562193,0.390170715,9,low,api,0.474967038,8,0,1
63,109,0.264649505,0.284135864,5,low,rdp,0.208920678,18,0,0
117,276,0.711265825,0.73292226,0,medium,rdp,0.091248027,14,0,0
130,73,0.099985247,0.10870898,5,low,rdp,0.411215809,1,0,0
88,167,0.033545871,0.752059368,4,low,rdp,0.351225404,14,1,0
72,260,0.560398954,0.045704825,6,medium,api,0.537517737,10,0,0
139,243,0.694827579,0.202017837,5,high,rdp,0.749038655,19,0,0
64,275,0.795786731,0.791964992,6,medium,rdp,0.112568736,11,0,1
72,102,0.340216238,0.742776641,1,low,rdp,0.79112559,14,0,0
21,475,0.00652541,0.476326114,0,medium,rdp,0.02628998,15,0,0
18,173,0.479519237,0.049982715,6,high,rdp,0.443101902,5,1,0
64,171,0.015853545,0.609893742,8,low,smb,0.587430287,2,0,0
82,141,0.091984511,0.406724104,1,high,smb,0.956998673,5,0,0
110,397,0.326689023,0.31652815,6,low,rdp,0.573923027,2,0,0
95,188,0.43717205,0.640410637,2,low,rdp,0.158749193,12,0,0
166,441,0.279469441,0.436614562,5,low,api,0.517541805,11,0,0
32,86,0.581865267,0.0924211,2,medium,rdp,0.395783947,7,0,0
11,476,0.055349789,0.915950471,9,low,ssh,0.479355568,1,0,0
45,52,0.14457971,0.778493099,4,low,smb,0.197097015,6,0,0
33,111,0.695258401,0.056378191,1,low,rdp,0.500827042,16,0,0
102,437,0.142140854,0.52506387,7,low,smb,0.150039764,6,0,0
169,365,0.639775202,0.083377563,7,low,rdp,0.744043081,0,0,0
136,342,0.054684621,0.837289859,6,medium,ssh,0.59390626,3,0,0
11,43,0.407382279,0.613013961,5,low,rdp,0.078527692,14,0,0
179,211,0.17740947,0.172449134,0,high,smb,0.889614468,3,0,0
88,456,0.109636283,0.020741343,7,low,smb,0.616379605,11,0,0
41,200,0.567032784,0.031581012,0,low,smb,0.316107055,15,1,0
145,298,0.928335772,0.507365472,7,low,api,0.0456424,17,0,1
76,346,0.054787048,0.734373479,1,low,smb,0.632226696,13,0,0
121,240,0.421554248,0.120840451,7,low,rdp,0.373440261,13,0,0
46,115,0.707535438,0.221284066,9,medium,ssh,0.907618105,10,0,0
160,26,0.462687832,0.327259945,3,medium,ssh,0.034877833,15,0,0
80,407,0.806495946,0.218076782,6,low,rdp,0.039102435,14,1,0
54,299,0.179645316,0.391336563,4,low,api,0.949299287,5,0,0
86,77,0.959594205,0.559615006,7,low,rdp,0.964873946,12,1,1
92,412,0.385162628,0.684936748,5,medium,smb,0.027742227,16,1,1
148,137,0.341569633,0.963775182,4,medium,api,0.716033235,3,1,1
161,20,0.874605795,0.93084367,0,low,rdp,0.221494852,11,0,1
168,440,0.563867032,0.570126975,2,low,api,0.701392766,17,0,0
160,211,0.516444342,0.734150056,9,high,ssh,0.868732797,7,0,1
97,240,0.72697792,0.950872205,8,low,rdp,0.100831479,11,0,1
2,39,0.579834238,0.083471945,8,low,rdp,0.238766417,3,0,0
33,435,0.162515645,0.00563476,4,low,ssh,0.024077668,7,0,0
158,268,0.674197623,0.029799764,2,medium,api,0.043829845,1,1,0
161,207,0.133468879,0.563349362,5,high,ssh,0.029617858,3,0,0
77,479,0.805857705,0.762833425,4,high,api,0.800682356,11,0,1
116,439,0.989736598,0.367074951,0,medium,rdp,0.298292678,9,0,0
154,462,0.377387625,0.545239175,1,low,api,0.49321144,14,0,0
150,267,0.444755898,0.516366319,4,low,api,0.787844264,8,0,0
103,154,0.046433655,0.094770892,8,low,smb,0.494943663,8,0,0
194,42,0.013733188,0.321588264,3,high,smb,0.429196063,6,0,0
166,411,0.921419335,0.019435155,8,medium,smb,0.011573206,1,1,0
103,11,0.12862406,0.110705689,2,low,ssh,0.568039503,6,0,0
90,294,0.445778748,0.811858223,0,low,ssh,0.124743078,8,0,0
174,98,0.815354624,0.829413497,5,low,smb,0.764648241,17,0,1
122,427,0.88931876,0.80194632,9,high,rdp,0.257737724,11,1,1
143,275,0.519397685,0.726818641,6,low,rdp,0.674187411,6,1,1
106,448,0.565032525,0.793312846,3,low,rdp,0.646223528,18,0,1
119,390,0.669683972,0.670982341,9,low,ssh,0.616675603,15,1,1
172,430,0.96138247,0.669833339,4,low,api,0.266952008,7,0,1
49,372,0.602669961,0.667361797,3,high,ssh,0.267089777,18,1,1
104,230,0.559475259,0.51404279,2,high,smb,0.863048043,5,0,0
61,369,0.014534135,0.363347233,0,high,api,0.012807333,1,0,0
195,426,0.080949702,0.730195266,5,medium,rdp,0.181522633,1,1,0
123,220,0.577171627,0.298646014,9,medium,ssh,0.610170918,7,0,0
134,65,0.936240388,0.542902131,4,medium,ssh,0.817046254,9,1,1
9,355,0.866691348,0.43335562,0,low,smb,0.358345509,10,0,0
6,232,0.982578923,0.276622277,4,medium,rdp,0.653443459,19,0,1
73,328,0.527834038,0.97468992,5,low,ssh,0.55715642,19,0,1
103,443,0.787930938,0.258751645,9,medium,ssh,0.064540104,2,0,0
160,52,0.840400331,0.309293064,4,low,api,0.621750197,15,1,1
41,374,0.648031657,0.161587502,0,low,ssh,0.813903472,2,0,0
114,431,0.338749904,0.822980625,4,medium,api,0.99244832,7,0,0
8,376,0.469978435,0.586589401,9,high,ssh,0.029640073,18,0,0
72,263,0.857917072,0.613039256,0,low,rdp,0.660058173,11,0,1
178,267,0.298547926,0.820561412,2,low,smb,0.414549553,17,0,0
92,359,0.923743131,0.342919659,1,high,rdp,0.009787889,12,0,0
62,317,0.229806341,0.193633425,0,medium,smb,0.614360944,10,0,0
84,324,0.749516415,0.198405364,3,low,ssh,0.122427299,12,0,0
62,409,0.630559234,0.732619821,1,medium,rdp,0.37856685,2,1,1
111,396,0.749599441,0.614115154,4,low,api,0.261367092,5,0,0
127,154,0.437347572,0.206338879,9,low,smb,0.361163402,2,0,0
7,358,0.932641063,0.145065395,0,high,smb,0.492695582,0,1,0
84,366,0.632472202,0.120687305,9,low,ssh,0.359209532,13,0,0
132,140,0.288295805,0.627798648,0,low,smb,0.552731871,19,0,0
134,427,0.638455071,0.000118645,9,low,smb,0.23864969,6,0,0
58,51,0.286815747,0.018319343,3,low,smb,0.635361767,8,0,0
22,117,0.293632392,0.389553136,6,low,ssh,0.853763004,0,0,0
154,421,0.399598512,0.691349864,1,low,rdp,0.224067047,9,0,0
127,46,0.852430418,0.695039376,1,low,ssh,0.507877216,12,0,1
3,309,0.500297874,0.430118274,0,low,api,0.648689785,11,0,0
127,88,0.678900842,0.691073607,4,low,smb,0.564626131,3,0,0
41,208,0.39196774,0.52109618,5,low,smb,0.365649446,6,0,0
188,377,0.26360544,0.976931417,5,medium,rdp,0.642199708,9,0,0
106,269,0.954640161,0.162460214,1,medium,smb,0.028246206,6,0,0
14,89,0.603581247,0.600667268,6,low,rdp,0.369906232,14,0,0
12,381,0.933951339,0.491238776,5,medium,smb,0.532612215,18,0,1
87,118,0.203413002,0.194466345,7,high,smb,0.020613159,6,0,0
12,54,0.146894164,0.749990432,5,high,ssh,0.50764883,13,0,0
141,441,0.855822907,0.27550802,8,low,ssh,0.654254461,13,0,0
25,116,0.680917213,0.381709819,9,medium,api,0.759207698,17,0,1
45,118,0.186578499,0.37483057,1,low,rdp,0.113374081,9,0,0
122,260,0.269359701,0.244204473,6,low,api,0.990564875,2,0,0
147,75,0.800663942,0.430705332,4,low,ssh,0.606167701,5,0,0
55,480,0.45386862,0.473345881,0,low,rdp,0.363193793,8,0,0
100,305,0.670540507,0.744221673,2,low,ssh,0.249092854,13,0,0
173,7,0.318352022,0.765068574,3,medium,rdp,0.572896862,7,1,0
136,366,0.381229953,0.158555968,1,medium,smb,0.881711647,0,0,0
119,122,0.990712559,0.592772299,6,low,api,0.520565396,2,0,1
53,11,0.247617087,0.896197798,0,low,api,0.661472056,5,0,0
183,348,0.506456377,0.108786609,2,low,rdp,0.35769644,0,0,0
32,438,0.844402343,0.472914045,8,low,api,0.388152288,17,0,1
51,489,0.239223214,0.750353122,1,high,ssh,0.286175106,9,0,0
44,215,0.415213757,0.611491334,4,medium,api,0.705637294,16,0,0
82,429,0.615091287,0.100585657,3,high,rdp,0.359187553,0,0,0
198,279,0.481188151,0.396606125,2,medium,api,0.190716404,7,0,0
146,498,0.459502267,0.507239498,4,low,api,0.369400571,11,0,0
150,28,0.362509731,0.995845602,5,low,ssh,0.853827208,18,0,1
37,235,0.586646328,0.178607909,0,low,smb,0.738252044,13,0,0
96,367,0.624372698,0.982423767,1,low,ssh,0.334640844,18,0,1
56,313,0.653289541,0.376149784,0,medium,api,0.906808965,16,0,0
105,26,0.070368108,0.200320486,2,low,api,0.074832635,15,0,0
59,409,0.631034176,0.414109082,7,low,smb,0.049753791,18,0,0
131,54,0.953237179,0.613995124,7,medium,smb,0.127470355,4,1,1
156,29,0.540986236,0.213497394,3,high,ssh,0.116454756,18,0,0
35,467,0.715267083,0.291439083,5,low,smb,0.087834315,3,0,0
189,353,0.556732308,0.854546502,8,medium,ssh,0.661342612,4,0,1
93,164,0.854740619,0.999009462,6,low,rdp,0.60084238,4,0,1
182,270,0.929583095,0.318172691,1,low,api,0.647605511,0,0,0
191,334,0.184219899,0.148856804,1,low,smb,0.688366054,17,0,0
97,35,0.436860037,0.79317082,2,low,rdp,0.756879752,14,0,0
135,286,0.392382101,0.600455687,7,medium,rdp,0.207176927,18,0,0
76,348,0.405215123,0.100401143,9,low,ssh,0.622303513,13,0,0
49,273,0.125524181,0.946771481,8,medium,ssh,0.580048659,5,0,0
94,451,0.813615726,0.078049528,2,high,smb,0.943660026,17,0,0
159,208,0.035766243,0.625356402,8,low,ssh,0.232367724,7,0,0
186,238,0.528226608,0.423937256,9,medium,rdp,0.058722934,4,0,0
189,414,0.661878388,0.556623918,7,low,rdp,0.65349507,7,0,0
24,93,0.207469438,0.213214196,4,low,api,0.74017284,5,0,0
148,173,0.905850192,0.688110399,9,medium,rdp,0.283196006,9,0,1
37,79,0.838549207,0.959719689,2,medium,smb,0.570848431,2,0,1
4,110,0.471083729,0.458425874,6,low,api,0.059536066,12,0,0
108,217,0.411148932,0.522958278,8,high,ssh,0.960044841,6,1,1
126,435,0.236567925,0.239811671,5,low,api,0.109924973,3,0,0
20,358,0.729993225,0.891867984,2,high,rdp,0.067570536,12,0,1
188,106,0.1317438,0.971174405,4,low,smb,0.044110159,5,0,0
152,47,0.680237754,0.786296885,6,low,ssh,0.427271907,15,0,1
50,181,0.842456986,0.542773502,7,low,ssh,0.097159743,0,0,0
177,64,0.228471576,0.956796825,3,low,rdp,0.744648241,12,0,0
179,246,0.866427403,0.153850055,1,medium,smb,0.898874161,1,0,0
96,244,0.033323199,0.47849086,9,medium,rdp,0.260218932,19,0,0
105,422,0.912787385,0.537605707,1,low,rdp,0.628773119,18,0,1
164,320,0.118362228,0.49191642,2,low,smb,0.042338447,5,0,0
117,87,0.645759178,0.802418287,7,low,rdp,0.386564472,10,0,1
98,217,0.250082469,0.670402891,0,low,smb,0.292942113,16,0,0
66,490,0.836552391,0.126658466,6,medium,smb,0.228619096,8,0,0
79,7,0.512300361,0.346451307,5,medium,rdp,0.64472349,4,0,0
162,278,0.135241191,0.339076848,1,high,rdp,0.130227946,4,0,0
164,337,0.570991571,0.565632193,8,low,api,0.860710523,15,1,1
6,210,0.40788261,0.291458418,4,low,ssh,0.664835906,3,0,0
39,497,0.661447817,0.11727177,1,medium,ssh,0.710735179,19,0,0
170,169,0.881903285,0.653682666,2,high,smb,0.935344309,12,0,1
115,330,0.409389131,0.851036939,6,medium,api,0.942372872,16,1,1
186,138,0.28988068,0.931608095,6,low,smb,0.551652324,8,1,1
125,441,0.014515095,0.972578418,9,low,api,0.495379817,12,0,0
12,391,0.574839038,0.781116846,0,medium,smb,0.335381608,15,0,0
131,496,0.402274767,0.139702428,9,medium,ssh,0.71557161,19,0,0
18,381,0.374649219,0.853111824,3,high,api,0.538208887,9,1,1
40,306,0.182935321,0.399960073,5,low,rdp,0.93287508,9,0,0
21,230,0.430055345,0.729911314,7,high,rdp,0.238625949,19,0,0
143,475,0.984441954,0.531268005,2,low,ssh,0.310252686,15,1,1
99,308,0.297754154,0.828606134,2,high,api,0.316090447,19,0,0
26,161,0.599704413,0.425505733,7,high,rdp,0.805998455,0,0,0
8,1,0.776486881,0.061793811,7,medium,rdp,0.099040332,10,0,0
100,236,0.749157823,0.556823711,7,medium,rdp,0.455649121,12,0,1
87,437,0.328774287,0.171290555,0,low,ssh,0.427580737,17,0,0
42,188,0.610860084,0.965517632,7,low,smb,0.073139621,4,0,1
172,418,0.871264685,0.526963066,7,low,rdp,0.410796999,3,0,0
14,4,0.015447428,0.553558794,1,low,rdp,0.513377983,5,0,0
78,401,0.435734357,0.907265713,8,low,smb,0.065104693,14,0,1
2,132,0.224273418,0.624585245,6,low,rdp,0.509862128,1,0,0
119,427,0.38863229,0.302729377,7,high,api,0.959237905,3,0,0
37,218,0.415989608,0.296094617,1,low,rdp,0.978914323,13,0,0
69,260,0.746670965,0.50157865,3,medium,smb,0.531679779,3,0,0
166,1,0.093821872,0.866608229,6,medium,ssh,0.515096933,17,0,0
41,71,0.512583903,0.794729341,5,low,ssh,0.285508166,19,0,1
62,478,0.564194792,0.962740586,6,low,api,0.997115472,15,0,1
60,178,0.494157604,0.071886123,0,low,rdp,0.274229171,8,0,0
125,457,0.731873253,0.268326069,7,medium,rdp,0.4529013,7,1,1
111,189,0.383791256,0.080207708,6,medium,smb,0.002934058,10,0,0
14,291,0.944967064,0.751079194,3,low,smb,0.349232291,13,0,1
84,8,0.481803443,0.140833689,0,medium,api,0.071440301,16,0,0
130,253,0.57121391,0.099886318,7,low,api,0.74382477,12,0,0
70,408,0.825530823,0.561672207,9,medium,rdp,0.561014453,7,1,1
145,467,0.275236106,0.411484712,6,low,rdp,0.572171877,13,0,0
123,292,0.075202029,0.715101339,7,medium,api,0.286511286,10,0,0
89,434,0.707783978,0.487015392,9,high,ssh,0.81489629,8,1,1
28,244,0.483011856,0.425334596,0,medium,ssh,0.003270925,7,0,0
66,123,0.896504251,0.425500449,4,low,ssh,0.333601179,13,0,0
163,299,0.982680049,0.87187638,8,low,ssh,0.65949749,14,0,1
5,283,0.399109351,0.395225651,4,medium,api,0.907922537,0,0,0
193,32,0.415439016,0.333397128,9,low,smb,0.234615957,11,0,0
168,334,0.407962602,0.338535077,2,low,ssh,0.541100052,4,1,0
184,377,0.32455411,0.196600797,8,medium,api,0.537991421,13,0,0
164,146,0.781687098,0.860688851,8,low,ssh,0.874174369,15,0,1
45,156,0.758995762,0.146630815,3,low,rdp,0.05051689,18,1,0
151,413,0.478644871,0.908610738,3,high,ssh,0.424475561,15,0,1
47,16,0.044661216,0.283467722,7,low,api,0.182465675,6,0,0
31,355,0.309559302,0.899426822,6,low,rdp,0.0215326,2,1,0
139,47,0.292303047,0.790820657,4,medium,rdp,0.147030941,7,0,0
10,251,0.811087246,0.581987521,5,high,ssh,0.976470673,13,0,1
195,187,0.087575573,0.669470004,2,low,ssh,0.21484851,19,1,0
118,31,0.805675379,0.325844091,5,medium,rdp,0.935030773,2,0,0
14,260,0.669183652,0.574228614,7,medium,smb,0.205254343,10,0,0
80,421,0.732441459,0.292402901,9,low,api,0.931295227,13,0,1
93,17,0.432213188,0.402272814,8,low,api,0.654620935,1,0,0
10,39,0.679725796,0.764662555,2,low,api,0.113218578,3,1,1
76,304,0.609028945,0.243932564,7,medium,api,0.581915155,4,0,0
94,430,0.768980195,0.838846016,2,medium,api,0.318514038,18,0,1
105,474,0.446769834,0.375882854,1,low,rdp,0.383153156,9,0,0
1,432,0.472825625,0.532169961,4,medium,api,0.440170958,1,0,0
133,39,0.643576223,0.941960488,3,medium,smb,0.422707023,2,0,1
20,489,0.108077494,0.68125563,4,low,smb,0.66410889,14,0,0
8,132,0.436244448,0.645604113,5,medium,ssh,0.768368069,18,0,0
171,30,0.971950845,0.711607728,2,low,ssh,0.329177689,1,0,1
1,158,0.03755232,0.918111339,0,high,ssh,0.924363962,2,0,0
57,278,0.316004723,0.248513709,3,medium,ssh,0.938466314,11,0,0
64,203,0.314109819,0.613241206,5,medium,rdp,0.040690437,13,0,0
118,66,0.633464119,0.400393854,1,medium,smb,0.014908789,16,0,0
28,108,0.105800359,0.011855293,1,medium,rdp,0.42506633,15,0,0
121,268,0.628544031,0.125300896,0,high,smb,0.590645251,16,0,0
107,222,0.095040241,0.324991895,8,medium,rdp,0.277904747,8,0,0
165,292,0.094953647,0.564999971,2,high,smb,0.259413751,2,0,0
175,18,0.728183357,0.881474777,1,medium,ssh,0.67833383,13,0,1
165,90,0.324135174,0.791114118,3,low,smb,0.601704285,2,0,0
49,181,0.977422948,0.553333672,5,high,ssh,0.167146875,5,0,1
120,255,0.037352936,0.073870418,0,medium,smb,0.884500963,18,0,0
44,455,0.445106664,0.28590629,8,medium,rdp,0.67997607,12,0,0
56,253,0.113135938,0.366708648,8,high,api,0.362576249,4,0,0
156,257,0.351378967,0.621717185,7,low,smb,0.68362469,0,0,0
111,383,0.998222451,0.064923623,5,low,rdp,0.112653087,11,0,0
134,442,0.888842512,0.530193555,3,low,api,0.468256125,14,0,1
108,346,0.048324409,0.901464576,1,medium,rdp,0.16898441,18,0,0
189,87,0.563255844,0.705432696,7,medium,api,0.041431246,1,1,1
148,90,0.647822305,0.797076807,6,high,ssh,0.33832627,2,0,0
114,237,0.209534624,0.681675648,3,low,smb,0.150735483,6,0,0
78,390,0.145105573,0.206589112,2,medium,rdp,0.633517957,10,0,0
130,70,0.904381135,0.11048382,5,high,smb,0.674067894,9,0,0
37,44,0.968816441,0.829490673,0,medium,ssh,0.148692306,7,0,1
20,200,0.991892857,0.695504436,1,low,ssh,0.024613006,1,1,1
26,152,0.789761774,0.575061559,6,medium,smb,0.792810562,13,1,1
29,86,0.663502069,0.189282865,2,high,rdp,0.002057021,12,0,0
1,19,0.345730252,0.603344965,0,high,rdp,0.343913089,6,0,0
119,101,0.171398312,0.031321785,1,medium,rdp,0.494583298,8,0,0
35,402,0.078980599,0.118839134,9,high,smb,0.818642189,6,0,0
198,95,0.693297469,0.31189015,9,low,rdp,0.838558643,0,1,1
59,254,0.784723415,0.443738277,8,low,rdp,0.724939441,0,0,0
69,357,0.826453652,0.120564496,6,high,api,0.247197623,5,0,0
161,30,0.913765003,0.119940184,6,low,rdp,0.720186934,0,0,0
179,249,0.879929564,0.725893661,9,low,ssh,0.246539198,15,0,1
12,426,0.999741272,0.569719407,7,low,rdp,0.214608192,2,0,1
20,33,0.244064011,0.533741981,7,medium,smb,0.547127954,12,0,0
181,458,0.763307615,0.452434495,8,medium,smb,0.678854444,3,1,1
43,229,0.586459512,0.976543106,1,low,rdp,0.053051766,16,0,1
126,12,0.261245132,0.049800283,7,high,smb,0.060022601,9,0,0
50,118,0.981905322,0.180627176,7,high,smb,0.784170687,3,0,0
29,350,0.897898105,0.647507757,4,low,rdp,0.859497251,19,0,1
185,155,0.128515668,0.136365654,4,low,api,0.604440916,11,1,0
39,423,0.026158342,0.589380938,3,medium,api,0.42882801,12,0,0
184,393,0.688330762,0.567761225,4,medium,api,0.84531648,3,1,1
171,246,0.604130629,0.971005184,1,low,api,0.728817033,15,0,1
178,405,0.935815624,0.883386487,1,low,ssh,0.579594198,18,0,1
151,332,0.234005287,0.945553344,4,low,rdp,0.319757122,6,0,0
172,247,0.084387948,0.113602369,2,low,smb,0.197995062,0,0,0
38,29,0.259215334,0.868148437,0,low,smb,0.418673039,15,0,0
84,161,0.018927641,0.129090662,8,medium,rdp,0.286822576,1,0,0
151,235,0.035892751,0.632932179,1,medium,smb,0.339258588,0,0,0
128,190,0.914857806,0.720078161,9,medium,ssh,0.515631055,13,0,1
126,117,0.352016583,0.160853498,1,low,api,0.169093957,19,0,0
45,271,0.410809001,0.632659376,3,medium,rdp,0.80617668,4,0,0
52,258,0.018371655,0.052460493,1,low,smb,0.145529462,14,1,0
80,180,0.27052178,0.293266086,6,low,ssh,0.480993639,9,0,0
178,487,0.804725984,0.921158494,9,medium,smb,0.745971338,1,0,1
124,373,0.61549096,0.171731163,0,medium,ssh,0.485020708,10,1,0
119,172,0.753780601,0.065269992,1,low,smb,0.361022064,15,0,0
8,438,0.447213741,0.4436782,4,medium,api,0.474891306,18,0,0
85,274,0.309729222,0.850618209,1,high,rdp,0.848670699,3,1,1
129,259,0.482810093,0.076672382,8,medium,api,0.990431698,9,0,0
8,135,0.323071068,0.355535365,3,medium,api,0.631143289,11,0,0
157,171,0.838971097,0.899774835,8,high,smb,0.793444043,1,0,1
96,210,0.297673716,0.11815555,0,medium,api,0.014488686,1,0,0
102,236,0.65976364,0.310668506,0,medium,rdp,0.88036441,8,0,0
5,422,0.136982222,0.778420612,0,low,ssh,0.95404976,11,0,0
86,421,0.686866494,0.543210987,3,low,ssh,0.575169342,1,0,0
175,186,0.913299712,0.832333141,8,medium,smb,0.753804862,17,0,1
34,417,0.608583155,0.111595393,7,medium,rdp,0.512744743,15,1,0
193,364,0.55985538,0.920554171,6,low,rdp,0.28620374,18,0,1
55,443,0.961118268,0.934911795,0,high,ssh,0.852247972,14,0,1
119,95,0.627396555,0.15531302,2,low,ssh,0.596836712,15,1,0
171,378,0.259550433,0.033875464,8,medium,api,0.579383084,5,0,0
158,11,0.292391024,0.989841382,8,low,smb,0.659132204,14,0,1
114,68,0.705306643,0.482251592,4,low,ssh,0.856003166,11,0,0
145,379,0.735436594,0.572075404,5,medium,ssh,0.731906126,11,0,1
26,210,0.303496232,0.615904734,5,low,rdp,0.211124194,9,0,0
136,196,0.345343978,0.789668463,9,low,rdp,0.466823544,14,0,0
47,369,0.991056509,0.811987969,3,low,rdp,0.980298332,3,0,1
113,98,0.10195255,0.193925224,0,low,ssh,0.554560714,9,1,0
76,93,0.404645028,0.236636741,4,medium,smb,0.938245353,18,0,0
72,472,0.062447531,0.876833029,0,high,api,0.813369486,13,0,0
89,22,0.821078362,0.819517605,0,low,smb,0.666023442,9,1,1
46,450,0.092345839,0.617619382,4,medium,ssh,0.349365203,16,0,0
196,172,0.674007356,0.994699159,4,medium,api,0.304319348,10,0,1
33,383,0.056483424,0.735183944,6,high,smb,0.643421065,17,0,0
1,134,0.672855038,0.215836768,1,high,ssh,0.432561241,1,0,0
147,426,0.843036947,0.846644064,5,medium,smb,0.798753623,10,1,1
31,25,0.398821527,0.414732636,1,low,ssh,0.76045674,7,0,0
142,185,0.522126493,0.036152661,9,low,rdp,0.312130487,18,0,0
53,85,0.401541738,0.321421278,4,low,smb,0.702728783,15,0,0
48,55,0.300488759,0.763551234,3,medium,rdp,0.49455019,3,1,0
69,251,0.803263401,0.960206207,9,medium,rdp,0.323292101,13,0,1
105,144,0.272002574,0.276136416,4,medium,api,0.412966593,16,0,0
90,351,0.722943424,0.246516324,1,medium,api,0.895351867,10,0,0
190,398,0.206197079,0.563616586,7,low,smb,0.359517692,2,0,0
194,167,0.249853796,0.8116839,7,medium,ssh,0.287399273,3,1,0
192,412,0.336461163,0.746525682,5,low,api,0.351807221,12,0,0
198,224,0.589156377,0.559958903,2,low,api,0.214618436,16,0,0
63,220,0.454422319,0.631389682,3,low,rdp,0.544634987,19,1,1
73,179,0.74514481,0.242098957,0,high,rdp,0.147436436,19,0,0
161,119,0.2135673,0.432574265,8,low,ssh,0.817443786,9,0,0
169,433,0.010672288,0.255365627,9,medium,api,0.225580247,11,1,0
89,265,0.776557472,0.884417975,4,low,api,0.598055028,7,0,1
176,442,0.821649334,0.112554507,7,low,ssh,0.125025499,2,1,0
13,429,0.059480163,0.679740558,2,high,api,0.978453148,9,0,0
73,150,0.610907522,0.260283197,3,medium,smb,0.454575459,6,0,0
77,416,0.378206784,0.47557741,3,low,smb,0.822171341,9,0,0
159,453,0.793895655,0.29941278,7,low,ssh,0.768647836,6,1,1
68,215,0.874414554,0.323245317,8,high,rdp,0.713693047,17,0,1
98,197,0.851003767,0.260393014,2,low,ssh,0.827364871,19,0,0
125,42,0.777204247,0.752792921,6,medium,smb,0.100463609,13,0,1
102,53,0.269052229,0.365715857,8,low,api,0.678497197,11,0,0
132,480,0.811889644,0.726357018,1,low,api,0.265827235,7,0,0
102,443,0.533478476,0.45606993,3,low,rdp,0.785871664,6,0,0
19,330,0.052756615,0.547246042,2,medium,rdp,0.95686876,4,0,0
198,251,0.45693885,0.543287476,7,medium,smb,0.90148953,0,0,0
82,295,0.942157917,0.975852079,3,low,rdp,0.114952222,14,0,1
141,378,0.88785935,0.367062456,8,medium,ssh,0.369552421,8,0,0
23,271,0.102264281,0.207684095,0,high,smb,0.364322757,11,0,0
83,455,0.744126686,0.91179194,0,high,api,0.122296266,17,1,1
109,413,0.805792866,0.174839289,3,low,api,0.098126053,10,0,0
75,123,0.271388188,0.834422846,2,low,api,0.384890135,9,0,0
129,367,0.471608571,0.150214895,2,high,rdp,0.99207155,9,0,0
88,387,0.710987941,0.658724334,9,low,smb,0.568942651,17,1,1
54,339,0.439041489,0.150540813,1,low,rdp,0.621781629,0,0,0
199,266,0.112796919,0.923085819,9,high,ssh,0.47101891,19,1,1
89,348,0.705882445,0.565008283,9,low,smb,0.662330552,10,0,1
143,29,0.91163869,0.329273839,1,low,rdp,0.956662081,1,0,0
65,463,0.652484728,0.140322775,7,low,api,0.588697954,10,0,0
76,35,0.773800749,0.371192236,0,medium,api,0.06503846,1,0,0
199,6,0.358362536,0.705020035,7,low,ssh,0.492890569,8,0,0
143,396,0.183198245,0.384950884,9,high,ssh,0.992751273,0,0,0
149,111,0.642773662,0.246094136,2,medium,ssh,0.387402721,5,0,0
147,294,0.327771206,0.577409448,1,low,api,0.593881237,1,0,0
60,77,0.860073519,0.417821853,8,low,rdp,0.106636763,14,0,0
93,349,0.12262805,0.165806236,4,low,api,0.141180499,0,0,0
161,147,0.4334637,0.15398799,4,medium,api,0.874681453,17,0,0
49,67,0.3967276,0.70746199,5,low,api,0.300344628,3,0,0
35,392,0.938053854,0.974671896,3,high,rdp,0.305451273,12,0,1
172,8,0.153134801,0.233094071,6,low,api,0.387212996,3,0,0
102,122,0.009846825,0.773148601,6,low,ssh,0.966478673,14,0,0
11,340,0.238085213,0.087606702,8,low,ssh,0.084390496,1,0,0
99,175,0.82027686,0.381575919,5,medium,ssh,0.818764103,8,0,0
110,388,0.209321816,0.506688153,0,low,ssh,0.341557876,11,0,0
74,179,0.240878064,0.268746945,8,low,api,0.849468026,13,0,0
194,85,0.129898805,0.529578417,9,high,api,0.99175565,19,0,0
174,451,0.715436203,0.882614428,8,medium,api,0.34866741,3,0,1
9,45,0.069174191,0.944437962,4,medium,ssh,0.129356366,14,0,0
3,136,0.331208302,0.100556954,6,medium,rdp,0.144375498,3,0,0
85,343,0.282498727,0.271845934,0,medium,smb,0.758740891,4,0,0
26,16,0.55515973,0.979133918,3,low,smb,0.144921552,9,0,0
72,333,0.730416265,0.27041841,9,low,smb,0.260421569,11,0,0
48,195,0.532876435,0.692707351,3,medium,rdp,0.204398344,11,1,1
194,496,0.931025993,0.253453694,4,low,api,0.355678564,7,0,0
198,9,0.951442639,0.356365593,5,medium,smb,0.074366575,3,1,1
156,316,0.361465328,0.191278988,3,low,smb,0.856742482,2,0,0
117,334,0.777680376,0.856300194,5,low,api,0.860146312,0,1,1
154,333,0.738801383,0.882648764,9,low,smb,0.412932898,17,0,1
153,327,0.892964592,0.296912508,6,low,api,0.612087569,19,0,1
12,15,0.44794364,0.823589824,2,medium,smb,0.641951571,13,0,0
133,327,0.530473187,0.35824165,8,low,api,0.749258115,16,0,0
48,102,0.415774314,0.099019423,7,low,ssh,0.520690088,5,0,0
37,226,0.850376919,0.758076397,0,high,rdp,0.510336045,5,0,1
44,425,0.229702315,0.596446249,1,low,smb,0.631303777,9,0,0
15,278,0.239709078,0.274382444,1,medium,api,0.703048396,18,0,0
43,408,0.372605104,0.252999741,9,high,ssh,0.346690377,9,0,0
176,113,0.230342832,0.97562337,8,high,api,0.330370473,2,0,0
87,485,0.561006836,0.862501041,8,high,smb,0.269718404,0,0,0
70,428,0.134490106,0.809798329,8,low,smb,0.548846555,17,0,0
46,1,0.320186219,0.128017709,0,high,smb,0.36015569,14,0,0
108,266,0.913444698,0.755187274,6,medium,smb,0.540313268,19,0,1
123,491,0.40922548,0.214540221,2,medium,smb,0.405984766,3,0,0
171,208,0.748233716,0.977388943,8,low,ssh,0.836734183,17,0,1
21,110,0.113462192,0.052089188,7,high,api,0.07313024,9,0,0
151,200,0.247564508,0.352138484,2,medium,api,0.572210594,18,0,0
107,440,0.807345621,0.428647841,0,medium,smb,0.575623751,16,0,0
80,369,0.762992936,0.824202912,8,low,api,0.383717311,9,0,1
47,473,0.386155919,0.766222818,9,low,ssh,0.421020895,3,0,0
117,306,0.954396902,0.374992145,0,high,smb,0.800131361,4,0,0
124,12,0.910643016,0.565560293,2,low,rdp,0.28067371,6,0,0
143,345,0.962300749,0.835595164,5,low,ssh,0.871403791,18,0,1
25,465,0.42791469,0.018199592,5,medium,smb,0.896343304,18,0,0
36,188,0.197473584,0.8021781,9,low,api,0.650619304,7,0,0
51,154,0.626658639,0.946896025,3,low,ssh,0.772857714,0,0,1
15,494,0.684773158,0.032064521,1,low,smb,0.612947528,7,0,0
68,368,0.125441784,0.045580987,9,low,api,0.525259114,18,1,0
21,334,0.786483034,0.344514006,5,low,api,0.966677754,16,0,1
141,425,0.01806022,0.087769564,9,low,smb,0.282654964,8,0,0
19,420,0.482728387,0.47927608,4,low,ssh,0.154150947,19,0,0
34,377,0.331016259,0.728710685,5,medium,smb,0.287485363,15,0,0
78,279,0.74030306,0.566899235,6,high,smb,0.614625608,8,0,1
125,171,0.312760727,0.196431909,8,low,smb,0.185183438,18,1,0
196,134,0.826807113,0.6548113,6,low,smb,0.908814043,15,0,1
117,495,0.594953489,0.684854479,3,low,smb,0.411024401,12,0,0
52,453,0.793893362,0.932445956,9,medium,api,0.849962878,18,0,1
27,427,0.989340638,0.146796897,4,high,smb,0.249236545,4,0,0
157,25,0.679158346,0.692336165,5,low,ssh,0.313168355,1,1,1
156,18,0.984950316,0.911427219,8,low,rdp,0.059223397,3,0,1
35,190,0.028836327,0.501564153,4,medium,smb,0.257767692,11,0,0
136,141,0.338139988,0.36179968,4,medium,ssh,0.490313819,17,0,0
144,43,0.107853265,0.170749494,6,low,rdp,0.946136918,2,1,0
106,334,0.262304931,0.866786886,1,medium,ssh,0.388902974,18,1,1
164,284,0.838887899,0.394246375,2,medium,api,0.639743879,3,0,0
158,146,0.032323265,0.924882443,1,high,api,0.427710117,3,0,0
146,315,0.520182936,0.847758298,9,low,rdp,0.046791851,15,0,1
2,444,0.567128708,0.376639852,9,high,rdp,0.503532626,10,0,0
177,319,0.561151147,0.573914309,1,low,rdp,0.065913647,12,1,0
77,441,0.475297074,0.027174036,2,medium,api,0.883699925,10,0,0
132,92,0.790602965,0.263221403,5,medium,api,0.753036962,6,0,0
90,179,0.13354309,0.710272849,4,low,ssh,0.378651471,13,0,0
89,56,0.310577016,0.677910946,4,medium,api,0.640218666,3,0,0
94,155,0.615726053,0.35336946,1,low,rdp,0.112028155,7,0,0
7,160,0.690951366,0.808608032,1,low,smb,0.702554987,11,0,1
95,111,0.404148432,0.235836052,0,low,smb,0.822732409,12,0,0
108,137,0.875371263,0.461270533,2,low,rdp,0.821745649,8,0,0
74,232,0.415493397,0.472530635,6,low,api,0.284277548,8,0,0
39,480,0.402776134,0.340816769,4,high,rdp,0.263746195,1,0,0
141,468,0.036207261,0.954666101,6,low,api,0.521397688,2,0,0
159,220,0.551141336,0.696684034,8,low,smb,0.967772162,11,0,1
71,481,0.708680839,0.539199335,5,low,ssh,0.920522978,16,0,1
191,68,0.114438164,0.510515093,1,low,api,0.359638482,3,0,0
56,302,0.305432766,0.159296092,0,low,ssh,0.779829506,13,0,0
170,249,0.781256954,0.372186897,0,low,smb,0.921317764,8,0,0
189,482,0.365919435,0.672773315,9,low,ssh,0.260926466,7,0,0
42,496,0.241602462,0.92457022,8,low,ssh,0.83029565,0,0,0
184,323,0.672200664,0.816464059,5,medium,rdp,0.267895627,12,0,1
36,410,0.196758778,0.300389804,5,medium,ssh,0.343282126,2,0,0
84,392,0.89565292,0.433956626,3,low,smb,0.198820691,13,1,1
196,6,0.105598396,0.082917521,1,low,api,0.507079799,18,0,0
118,464,0.706549802,0.102172323,9,high,ssh,0.843310894,5,0,0
7,280,0.499548701,0.470230387,2,low,api,0.528052137,3,0,0
54,432,0.869929562,0.530219407,2,high,rdp,0.12344001,19,0,0
129,487,0.126195091,0.264027096,7,low,smb,0.251775932,0,0,0
172,94,0.677894918,0.642782689,5,low,smb,0.562861867,9,1,1
120,429,0.572054639,0.703380686,6,medium,api,0.583187456,12,0,1
173,269,0.480090142,0.299116132,8,high,smb,0.576905904,11,0,0
106,197,0.491407263,0.758424726,0,low,rdp,0.077003493,10,1,0
47,25,0.721976962,0.205604919,1,low,api,0.753695893,3,0,0
123,148,0.937741655,0.544251377,8,low,smb,0.909428199,16,0,1
141,118,0.091251659,0.804281094,4,high,rdp,0.510518948,14,0,0
119,338,0.019502648,0.537009086,3,medium,rdp,0.718829287,2,0,0
150,367,0.805704792,0.907962719,0,low,ssh,0.914015492,9,0,1
118,338,0.108169388,0.058501233,8,low,smb,0.642622755,13,1,0
21,66,0.986696796,0.588313845,8,low,api,0.674325724,18,0,1
137,458,0.619348249,0.561755453,3,low,ssh,0.721404413,3,0,0
26,301,0.650866395,0.660353329,8,low,api,0.260502451,13,1,1
9,370,0.198891703,0.833406839,9,medium,ssh,0.582677875,5,0,0
15,175,0.24031231,0.725853084,0,low,rdp,0.842175115,11,0,0
10,319,0.659350303,0.790282735,4,low,ssh,0.29616273,1,0,0
122,76,0.909726838,0.288816726,0,medium,ssh,0.8971705,16,0,0
121,495,0.982390555,0.387497379,3,low,ssh,0.62038195,0,0,0
125,461,0.198030947,0.626776974,4,low,smb,0.423174851,16,0,0
170,114,0.134119623,0.553461472,2,low,ssh,0.623182961,4,0,0
72,111,0.056401358,0.961103875,1,low,rdp,0.401859906,15,0,0
152,249,0.868297018,0.1868345,5,medium,api,0.838035602,13,0,0
49,439,0.294714847,0.351278372,2,medium,smb,0.48231858,19,0,0
154,203,0.001812034,0.572755233,9,low,rdp,0.90121336,9,0,0
91,147,0.223818086,0.86796377,0,low,smb,0.509808081,2,1,0
37,35,0.34044108,0.929348525,4,low,api,0.66036839,2,0,0
68,487,0.990986169,0.336036331,1,medium,api,0.997744421,17,0,1
50,309,0.523541594,0.067108462,1,low,api,0.146965841,17,0,0
152,26,0.204713948,0.421619698,3,low,smb,0.736729149,3,0,0
19,238,0.334818345,0.394344143,3,low,smb,0.138872228,6,0,0
100,14,0.330307688,0.986487068,3,low,api,0.838866366,0,0,0
60,374,0.019725746,0.431061244,6,medium,api,0.596453381,15,0,0
167,45,0.135183054,0.305722999,0,high,rdp,0.938159561,16,0,0
89,428,0.69519646,0.365377375,7,high,api,0.865956602,7,0,0
146,216,0.120250987,0.396926281,9,low,ssh,0.074872037,5,0,0
147,233,0.230734277,0.821540382,8,medium,smb,0.137302542,1,0,0
164,193,0.350737298,0.081014893,9,medium,rdp,0.601170929,9,0,0
183,51,0.757734945,0.316507049,5,high,smb,0.51831464,16,0,0
69,427,0.582400965,0.966318492,3,low,api,0.168565131,18,0,1
175,375,0.688999985,0.153102505,5,medium,ssh,0.129359228,3,0,0
49,214,0.567012325,0.742601322,9,low,api,0.563990783,12,0,1
108,151,0.683592425,0.356393501,6,medium,smb,0.048921548,18,0,0
161,440,0.002842154,0.581785526,5,low,rdp,0.873735303,15,0,0
119,275,0.930898144,0.099548039,0,medium,smb,0.80708292,12,0,0
149,338,0.110920231,0.306411667,4,high,rdp,0.785369972,4,1,0
150,76,0.406249096,0.500864942,7,low,ssh,0.015997147,11,1,0
176,439,0.77103837,0.231700658,7,low,api,0.047640943,6,0,0
37,220,0.435230718,0.541869943,9,low,api,0.549839121,8,0,0
143,348,0.946842552,0.219759314,8,low,ssh,0.994425689,4,0,0
163,444,0.467588948,0.650100553,3,low,smb,0.342316201,3,0,0
199,187,0.874939406,0.90435434,9,low,ssh,0.344374816,9,1,1
160,289,0.810828113,0.085488637,5,high,api,0.134277967,15,0,0
11,403,0.980986303,0.216616036,6,low,rdp,0.674335804,10,0,0
138,28,0.926547781,0.844423027,4,medium,api,0.646676689,8,1,1
78,379,0.898123835,0.631553485,7,high,smb,0.101322416,4,0,1
77,180,0.731604341,0.078708917,2,high,rdp,0.467412287,10,0,0
185,253,0.366998147,0.486350115,7,medium,smb,0.667074909,8,1,0
153,126,0.106125419,0.209758515,4,low,api,0.493516136,16,1,0
2,177,0.688645052,0.199096394,0,medium,api,0.674363582,10,0,0
64,37,0.978654081,0.940645343,5,low,rdp,0.816270397,5,0,1
35,410,0.726604437,0.761541548,1,high,smb,0.685815433,15,0,1
7,99,0.928729369,0.696230594,6,medium,rdp,0.616114236,18,0,1
85,98,0.804304713,0.238928817,8,medium,rdp,0.853590257,13,0,0
146,127,0.163114675,0.118573433,2,low,smb,0.900588568,2,0,0
67,483,0.249203771,0.870832621,9,medium,rdp,0.388886437,9,0,0
42,168,0.341865602,0.005879569,3,medium,ssh,0.173249888,3,0,0
118,80,0.168260444,0.388096424,3,high,rdp,0.817860404,1,0,0
125,294,0.581651333,0.277612503,3,low,api,0.213753107,12,0,0
167,333,0.975450524,0.5703762,2,high,smb,0.92895067,10,0,1
169,126,0.761458833,0.250508436,4,low,api,0.022877945,11,0,0
24,343,0.423386749,0.311205359,8,medium,ssh,0.921271183,0,0,0
188,310,0.004504481,0.850039855,7,medium,ssh,0.589182993,8,0,0
46,150,0.313276011,0.603188823,9,low,rdp,0.774742117,11,0,0
19,16,0.526759288,0.145682527,1,low,api,0.398492587,6,0,0
68,28,0.324250874,0.726471543,8,medium,rdp,0.991716292,16,0,1
102,496,0.111034923,0.207459201,9,low,rdp,0.227551428,9,0,0
42,419,0.442764957,0.43300493,1,low,api,0.264343663,5,0,0
32,444,0.253252817,0.646607237,6,medium,ssh,0.051432444,6,0,0
167,173,0.909232376,0.271929537,4,medium,ssh,0.940473363,18,0,1
109,46,0.101754529,0.384106815,6,medium,ssh,0.456029304,13,0,0
36,328,0.049152629,0.734149597,4,low,smb,0.674852415,10,0,0
97,236,0.005314169,0.937910953,5,low,smb,0.687440727,1,1,0
164,439,0.328069684,0.529245057,7,medium,rdp,0.874502092,0,1,0
131,214,0.660386838,0.009970972,0,medium,smb,0.664925251,9,0,0
73,85,0.730413753,0.338463751,0,medium,smb,0.562021182,11,0,0
136,282,0.453261683,0.398634335,4,medium,api,0.710318524,8,0,0
97,232,0.68432865,0.33917362,0,low,rdp,0.750970799,10,0,0
123,85,0.359914036,0.436268861,2,low,rdp,0.185927946,0,1,0
70,409,0.66780622,0.632666254,9,high,api,0.109667039,19,0,1
169,489,0.040595985,0.121128027,8,low,ssh,0.07484885,9,0,0
196,65,0.390752985,0.272630509,6,medium,api,0.374053495,18,1,0
13,134,0.790849678,0.507648086,5,high,ssh,0.49800024,10,0,0
49,151,0.80300603,0.315573308,7,high,rdp,0.615649898,2,0,0
60,115,0.716148779,0.991085338,7,medium,rdp,0.95803452,15,0,1
130,64,0.204238621,0.431431467,5,low,smb,0.33078782,9,0,0
188,343,0.247205119,0.869799154,3,high,smb,0.760874052,1,0,0
5,427,0.996088727,0.896509836,3,medium,api,0.53135762,18,0,1
172,363,0.103378007,0.836007,3,low,smb,0.220089932,3,1,0
27,407,0.180662699,0.046898241,5,medium,rdp,0.615305429,15,0,0
160,352,0.130026256,0.947746732,0,low,rdp,0.967176178,5,0,0
149,158,0.327654964,0.128742562,1,high,ssh,0.124308299,10,1,0
8,77,0.210175835,0.034403628,5,low,smb,0.507279765,16,0,0
50,491,0.49768796,0.414369608,0,medium,ssh,0.051608354,14,0,0
67,146,0.476020707,0.194634033,8,medium,rdp,0.321216299,3,0,0
44,343,0.901505619,0.18419653,5,medium,smb,0.620602678,7,0,0
125,463,0.034739947,0.287819613,6,medium,ssh,0.841056936,17,0,0
58,225,0.319879577,0.248405605,0,high,rdp,0.730328422,13,0,0
3,405,0.596657892,0.684795402,7,low,ssh,0.462856778,1,0,0
86,313,0.604801762,0.186777307,4,low,smb,0.909222757,15,0,0
70,103,0.480126229,0.543118305,4,medium,ssh,0.302714665,14,0,0
130,407,0.815665541,0.986426546,5,low,ssh,0.75398341,5,0,1
172,347,0.062722171,0.432382421,6,low,rdp,0.474009022,8,0,0
2,301,0.815487766,0.641873109,6,low,smb,0.898635755,11,0,1
102,428,0.49475424,0.969371678,4,low,api,0.797432822,9,0,1
35,466,0.133760695,0.137638998,0,medium,api,0.901469661,6,0,0
98,88,0.885701914,0.418607009,8,medium,ssh,0.214247849,4,0,0
30,371,0.64922878,0.8501924,5,low,rdp,0.668150432,7,0,1
116,303,0.163545687,0.932305683,8,medium,smb,0.738463408,11,0,0
8,168,0.033649723,0.601236058,3,low,rdp,0.742414265,0,0,0
150,435,0.141109648,0.143420603,1,medium,smb,0.50400045,9,0,0
44,170,0.60879796,0.901471584,2,low,rdp,0.011250522,10,1,1
186,135,0.179296235,0.174446566,3,medium,api,0.261430784,19,0,0
36,50,0.225763075,0.352877848,9,low,api,0.323300875,4,0,0
197,432,0.025139726,0.375507978,7,low,api,0.852036617,12,0,0
77,340,0.722930672,0.44729154,2,medium,rdp,0.840885817,17,0,0
31,347,0.8103644,0.790165816,7,low,rdp,0.104680104,9,0,1
47,134,0.796848177,0.802144378,5,high,ssh,0.949835882,16,0,1
55,347,0.127568151,0.719655073,3,medium,api,0.182457487,18,0,0
106,137,0.903301127,0.022128674,6,low,ssh,0.414359451,3,0,0
190,245,0.672278829,0.564845102,4,medium,rdp,0.215156966,8,1,1
158,109,0.897528622,0.747492956,4,low,smb,0.860332469,17,0,1
121,313,0.447160505,0.44462524,8,low,api,0.749402032,15,0,0
55,287,0.436954861,0.944936045,2,high,api,0.353528807,6,0,0
144,21,0.784536519,0.823810522,9,low,api,0.681878626,11,0,1
12,90,0.093297855,0.638155065,3,medium,api,0.184366884,3,0,0
145,296,0.520874037,0.062425184,4,low,api,0.382297092,11,0,0
144,112,0.836384236,0.652346248,0,medium,rdp,0.377107588,11,0,0
140,301,0.830192563,0.911579601,6,low,api,0.237936682,3,0,1
136,77,0.956132856,0.379445387,7,low,api,0.87631205,11,0,1
3,177,0.698272594,0.838132526,5,high,ssh,0.678845735,7,0,1
144,343,0.207770629,0.313161143,8,low,smb,0.279939311,2,1,0
30,148,0.020280315,0.570103292,2,medium,api,0.242120761,15,0,0
23,101,0.479415799,0.648424418,1,medium,ssh,0.017953471,1,0,0
92,246,0.513703866,0.677995038,4,medium,rdp,0.346582254,5,0,0
115,117,0.240262584,0.882549314,8,medium,ssh,0.526771283,16,1,1
104,92,0.124697447,0.234622267,0,low,api,0.277710942,11,0,0
118,401,0.586208166,0.262369585,0,low,ssh,0.700458276,8,0,0
5,28,0.764255674,0.704040993,9,high,ssh,0.411749529,15,0,1
104,425,0.993154104,0.177193812,2,medium,rdp,0.316317837,6,1,0
108,450,0.758302617,0.464270405,9,low,ssh,0.939057659,7,0,1
65,25,0.793632414,0.020034384,2,low,rdp,0.262800877,6,0,0
121,58,0.616460878,0.140979337,4,medium,rdp,0.39825762,4,0,0
30,498,0.985922659,0.678846385,3,high,ssh,0.382290789,6,0,1
149,297,0.639956385,0.747461603,5,high,api,0.241198346,17,0,1
84,134,0.860253286,0.115319033,7,high,smb,0.21747674,17,0,0
198,331,0.945784646,0.22770955,7,low,ssh,0.302380019,15,0,0
150,249,0.929858501,0.098904447,3,high,ssh,0.86423617,6,0,0
32,38,0.381415344,0.433412844,0,high,ssh,0.767082887,1,1,0
161,390,0.078662058,0.126116071,6,low,smb,0.680999514,16,0,0
16,429,0.171873703,0.437296017,5,low,smb,0.457102993,7,0,0
38,75,0.059223305,0.732098256,4,low,rdp,0.507753985,1,0,0
142,142,0.105396935,0.683388633,3,medium,smb,0.267138845,17,0,0
36,322,0.184651246,0.280460487,5,low,smb,0.074315914,18,0,0
151,168,0.341094317,0.673762549,7,low,ssh,0.331040557,19,1,1
114,259,0.543539647,0.927712131,5,low,rdp,0.495583756,8,0,1
66,373,0.711682059,0.347524387,2,low,api,0.057313047,11,0,0
105,355,0.210927336,0.329119154,8,low,rdp,0.088233302,18,0,0
85,225,0.672522404,0.571438651,2,medium,smb,0.263025233,7,1,1
2,152,0.704259075,0.245501811,3,low,smb,0.367080374,7,1,0
193,19,0.558622337,0.651578928,4,high,ssh,0.393316811,9,1,1
75,146,0.90361787,0.832261771,1,high,api,0.117886066,17,0,1
67,448,0.110994814,0.459318505,9,high,api,0.225821355,14,0,0
180,241,0.177121458,0.679507325,9,medium,api,0.261647252,10,0,0
190,372,0.428664824,0.651885424,1,low,smb,0.067634876,13,0,0
151,381,0.126712735,0.038665562,5,low,smb,0.326099701,14,0,0
154,344,0.566296144,0.183416295,1,low,rdp,0.072221573,13,0,0
196,237,0.398400467,0.893530002,9,high,smb,0.703457843,11,0,1
55,35,0.284595795,0.938892147,0,low,api,0.386047767,3,0,0
6,190,0.169989813,0.78043964,7,medium,api,0.326752389,2,0,0
163,1,0.335338238,0.921248148,9,medium,api,0.126522172,11,1,1
150,484,0.607959351,0.306148651,9,high,ssh,0.226503655,6,0,0
171,153,0.575785211,0.247710972,0,medium,rdp,0.232705209,6,1,0
143,429,0.163624,0.384300188,9,medium,rdp,0.985204215,18,0,0
86,433,0.124919811,0.055341999,5,low,smb,0.83534938,13,0,0
60,126,0.026676763,0.809871619,0,medium,ssh,0.015262292,0,1,0
101,491,0.012425594,0.984175485,7,low,rdp,0.616836591,6,0,0
12,482,0.879810436,0.824029292,4,high,ssh,0.255910096,9,0,1
49,345,0.045088856,0.554975335,2,low,ssh,0.104376929,17,0,0
42,400,0.73122111,0.29528197,4,low,smb,0.705599763,12,0,0
166,226,0.871985096,0.197697889,0,high,ssh,0.131605549,7,0,0
82,221,0.098057849,0.364062872,0,low,rdp,0.44374078,8,0,0
173,403,0.436301424,0.66696953,3,high,smb,0.632165165,14,1,1
35,407,0.962302983,0.447061556,8,high,rdp,0.554494756,7,1,1
158,211,0.834138661,0.93405982,8,medium,ssh,0.977629098,0,0,1
158,25,0.489704032,0.854220343,0,low,ssh,0.785742613,2,0,0
134,16,0.762571113,0.102400616,2,low,api,0.774193376,18,1,0
67,182,0.833377624,0.131525224,3,high,smb,0.355595394,8,0,0
80,499,0.348026963,0.676239185,1,high,smb,0.008395492,18,0,0
7,329,0.892152917,0.23076839,6,low,api,0.73441093,14,0,0
180,129,0.47047332,0.791029877,2,low,rdp,0.999732084,13,0,1
14,42,0.527807364,0.591358142,0,low,rdp,0.405879108,0,0,0
73,403,0.999707638,0.229830528,0,high,ssh,0.985518499,2,0,0
143,481,0.843302966,0.478686797,2,low,smb,0.14170811,1,0,0
149,418,0.361770006,0.406076292,5,low,ssh,0.296512352,0,0,0
163,336,0.010345596,0.873159359,3,medium,api,0.170726932,17,0,0
66,236,0.626174074,0.032162475,0,low,ssh,0.475175973,0,0,0
91,360,0.703913426,0.89584389,6,high,rdp,0.796981402,8,0,1
130,439,0.65080269,0.652082683,1,low,rdp,0.340661692,6,0,0
163,402,0.967862351,0.737538188,4,low,api,0.906228937,12,0,1
20,34,0.862971027,0.002607463,7,low,rdp,0.544830413,16,0,0
10,345,0.448831693,0.628239434,6,low,api,0.465424414,12,0,0
25,381,0.062857487,0.588486164,7,low,smb,0.787035842,12,0,0
194,45,0.47605877,0.537205556,9,low,api,0.101443497,9,0,0
25,134,0.68924402,0.785866857,5,low,api,0.773752471,5,0,1
54,21,0.607709808,0.555871096,6,high,api,0.242952,4,0,0
33,122,0.538137068,0.85709719,8,low,rdp,0.280812547,9,0,1
164,70,0.468818958,0.232631486,5,high,smb,0.599453773,13,0,0
95,352,0.293761873,0.805982589,8,medium,ssh,0.901934425,10,0,1
14,361,0.277346762,0.179312773,1,low,smb,0.57840695,4,0,0
65,48,0.500231479,0.813117792,1,low,rdp,0.648949349,3,0,0
110,491,0.160603146,0.940463519,1,low,smb,0.77659459,2,0,0
80,39,0.340685424,0.335694142,5,low,smb,0.259324759,13,0,0
54,287,0.323979275,0.529886314,1,low,api,0.827233673,12,0,0
125,490,0.587132802,0.658329023,2,low,api,0.417960149,4,0,0
180,10,0.0666823,0.079471666,7,medium,rdp,0.175655693,11,0,0
131,30,0.82966868,0.494080718,7,medium,api,0.350118079,9,0,0
169,244,0.56237838,0.360584977,3,low,rdp,0.246131112,1,0,0
134,274,0.670826681,0.872455631,8,low,ssh,0.228713605,6,1,1
25,444,0.703093904,0.876679519,7,medium,smb,0.282563199,6,0,1
141,88,0.291484137,0.70077954,0,low,ssh,0.180930815,3,1,0
117,244,0.470371567,0.655724475,7,high,ssh,0.667701757,11,0,0
136,381,0.956245956,0.733688459,0,medium,smb,0.579991757,3,0,1
149,329,0.766705238,0.365986901,3,high,api,0.648441893,6,1,1
196,479,0.969556875,0.404519247,9,low,ssh,0.343724724,19,0,1
25,15,0.746254345,0.553704723,5,high,smb,0.769733403,12,0,1
79,4,0.17560014,0.938028127,6,medium,ssh,0.129608741,7,0,0
68,191,0.064535884,0.723999874,9,medium,ssh,0.571136709,13,0,0
173,168,0.577661437,0.550989244,3,low,smb,0.275452972,2,0,0
188,9,0.35781328,0.770413015,7,low,api,0.527609901,1,0,0
12,109,0.27545791,0.370890312,7,high,rdp,0.323637175,9,1,0
32,137,0.807210996,0.730466701,8,medium,smb,0.790511765,5,0,1
128,154,0.366993267,0.410676248,5,low,rdp,0.891271839,6,0,0
96,388,0.31700097,0.279661407,3,low,smb,0.742581223,15,1,0
92,209,0.849987593,0.609724048,1,low,smb,0.175583713,5,0,0
141,272,0.846287336,0.68687756,6,medium,rdp,0.274866898,15,0,1
31,143,0.356366638,0.459293561,9,medium,rdp,0.919358066,11,0,0
78,99,0.832498701,0.565500731,2,low,api,0.437220128,14,0,1
20,377,0.85077849,0.694066075,2,low,smb,0.941180409,2,1,1
146,308,0.423930535,0.767710052,2,low,smb,0.392451689,15,0,0
60,69,0.06647313,0.895571479,3,low,smb,0.951774661,17,0,0
191,247,0.001584644,0.354544206,1,low,api,0.925738988,14,0,0
134,261,0.523292463,0.951477253,4,low,rdp,0.66052689,5,0,1
160,276,0.344075493,0.63727981,2,low,smb,0.008827048,16,0,0
93,79,0.997131894,0.787701883,9,high,rdp,0.400334682,1,0,1
43,146,0.772411,0.699769043,4,medium,api,0.91123513,1,0,1
130,111,0.761275456,0.205571725,6,high,ssh,0.885110289,16,0,0
60,258,0.955242768,0.071438383,8,low,rdp,0.1873878,18,0,0
151,93,0.887724398,0.726286464,1,high,api,0.399182496,4,0,1
31,13,0.318187479,0.511052668,8,medium,ssh,0.835509928,3,0,0
5,260,0.165987222,0.702213368,9,low,smb,0.577877853,17,0,0
162,426,0.745892265,0.476842804,5,low,smb,0.847299233,7,0,0
10,109,0.378273894,0.31223452,5,medium,rdp,0.826567384,8,0,0
89,330,0.473172652,0.285017909,2,high,ssh,0.907482007,17,0,0
130,189,0.630397731,0.730532131,9,low,api,0.117220588,10,0,1
126,95,0.907872677,0.276780081,8,low,smb,0.145215141,15,0,0
11,105,0.419087754,0.714676871,3,medium,smb,0.082809029,15,0,0
178,8,0.78331689,0.383960126,4,high,ssh,0.935268841,3,0,0
159,67,0.268339791,0.770898404,2,medium,api,0.475162384,8,0,0
56,496,0.697971791,0.142809926,4,low,smb,0.064325283,12,0,0
83,191,0.001579421,0.204979943,7,low,smb,0.321529903,19,1,0
137,366,0.871507213,0.685911606,7,low,rdp,0.351412641,7,0,1
99,256,0.03037958,0.56023112,7,high,api,0.809559823,10,0,0
149,9,0.712753755,0.203878343,5,medium,smb,0.735476892,8,0,0
73,478,0.046258189,0.902827012,0,medium,ssh,0.68938705,17,0,0
156,117,0.266245699,0.275944147,9,low,smb,0.021863553,19,1,0
190,267,0.497202404,0.421071398,5,high,api,0.910695796,2,1,0
115,99,0.419938685,0.202287942,9,medium,rdp,0.215555267,17,0,0
7,485,0.191836115,0.388027618,6,high,smb,0.629061405,18,0,0
80,298,0.333814912,0.49164675,8,medium,ssh,0.061819043,8,0,0
144,397,0.72770637,0.295247055,7,medium,smb,0.081526092,17,0,0
97,164,0.669257093,0.769093673,7,medium,ssh,0.009577296,15,0,1
4,376,0.071814584,0.393932979,6,low,api,0.565927645,13,1,0
4,141,0.747315826,0.72951,1,high,rdp,0.62937967,18,0,1
103,268,0.053045881,0.207072175,0,low,api,0.050462303,14,1,0
40,37,0.542926389,0.377035497,1,medium,smb,0.290484885,3,0,0
17,74,0.260062748,0.008058289,5,high,smb,0.851454414,11,0,0
101,73,0.587690128,0.758637584,1,low,rdp,0.101308367,6,0,0
103,308,0.261328396,0.625886644,9,medium,ssh,0.216547165,10,0,0
124,199,0.98495797,0.817823325,3,medium,api,0.424391208,6,0,1
52,130,0.309728184,0.455610788,9,medium,ssh,0.842274103,19,0,0
52,246,0.241960636,0.799740644,2,high,smb,0.254849054,2,0,0
164,312,0.278465291,0.647582544,5,medium,ssh,0.997137015,3,0,0
124,60,0.896472857,0.003612933,7,medium,api,0.355261813,1,0,0
166,279,0.636218829,0.253694295,5,low,ssh,0.386448658,19,0,0
178,103,0.730684097,0.493891352,1,low,smb,0.122106204,14,0,0
63,296,0.91801051,0.61868735,4,low,api,0.680197901,19,0,1
116,320,0.911872485,0.065590865,5,medium,ssh,0.243465183,11,0,0
191,487,0.738945847,0.705079928,8,low,ssh,0.628867595,16,0,1
62,341,0.197824429,0.543536098,5,medium,api,0.223157728,17,1,0
7,151,0.843373321,0.525779307,9,low,smb,0.387872267,7,0,1
155,157,0.203776034,0.292045558,4,medium,api,0.856672092,7,1,0
92,206,0.742898814,0.594823099,0,low,smb,0.738905911,4,0,0
14,474,0.685603067,0.02749289,9,medium,ssh,0.1545909,8,0,0
199,179,0.75888885,0.064700331,4,medium,api,0.607708167,19,0,0
86,197,0.532685681,0.733870087,4,high,smb,0.628640652,19,0,1
133,223,0.638726182,0.321891343,5,medium,api,0.090568474,4,1,0
183,89,0.95332008,0.346967076,6,medium,ssh,0.465805654,9,0,0
130,287,0.101088594,0.208385203,3,high,api,0.260668396,0,0,0
62,434,0.308847275,0.445620692,6,medium,ssh,0.467130143,3,0,0
149,276,0.611357013,0.051993431,4,low,ssh,0.777070991,15,0,0
79,236,0.96405413,0.300363224,5,high,ssh,0.15825956,17,0,0
149,183,0.095574448,0.527123922,3,medium,smb,0.123304206,11,0,0
138,209,0.022549222,0.465631922,7,low,smb,0.269316495,19,0,0
58,493,0.055749598,0.999669643,8,medium,rdp,0.95227545,14,0,1
120,130,0.052405686,0.388764652,1,high,smb,0.747824211,17,0,0
167,153,0.907815858,0.386999059,3,high,rdp,0.019455863,4,0,0
133,13,0.721257908,0.503581777,7,high,api,0.401004842,13,0,0
65,122,0.677106366,0.19030311,7,low,ssh,0.257397979,6,0,0
13,359,0.52257282,0.876304423,8,low,smb,0.638144568,10,0,1
181,220,0.781952617,0.572267789,2,low,ssh,0.459292454,14,0,0
82,106,0.155647993,0.192107639,0,low,rdp,0.964498525,10,0,0
173,375,0.39194119,0.793441591,8,high,smb,0.218978451,6,0,0
160,70,0.490004251,0.034332171,0,low,smb,0.587856416,19,1,0
164,195,0.110409498,0.982564201,2,medium,smb,0.700210015,19,0,0
188,186,0.419513709,0.865149335,2,medium,smb,0.825564489,3,0,0
139,99,0.316501779,0.579639456,8,medium,ssh,0.40697103,0,0,0
191,82,0.035582146,0.111295663,0,low,smb,0.686921908,1,0,0
149,75,0.136735403,0.215272773,6,low,rdp,0.303201471,3,0,0
52,374,0.764036823,0.27943517,1,low,smb,0.435476092,4,0,0
183,340,0.01803791,0.241031738,6,low,rdp,0.895627131,1,0,0
117,192,0.934253299,0.49752001,0,high,rdp,0.949907609,1,0,0
26,325,0.086424632,0.94456037,9,medium,ssh,0.718817347,17,0,1
196,467,0.799238094,0.444172585,9,low,smb,0.374351891,13,1,1
34,214,0.898616541,0.661564568,7,high,rdp,0.82005779,2,0,1
52,315,0.941135585,0.688583206,9,low,smb,0.025867082,17,1,1
112,444,0.867477023,0.871580725,9,medium,ssh,0.102745911,9,1,1
82,467,0.287550039,0.033821288,1,low,ssh,0.661373736,5,0,0
180,382,0.333087131,0.404330059,2,medium,smb,0.291248575,1,0,0
157,367,0.426545699,0.784735114,7,low,rdp,0.951386218,19,0,1
166,318,0.139296689,0.814867015,2,low,api,0.436060612,10,1,0
42,144,0.022272455,0.927332615,0,low,api,0.42936482,17,0,0
21,384,0.869121614,0.70279436,8,low,ssh,0.67807951,13,0,1
42,216,0.554128716,0.245153946,7,medium,rdp,0.767568562,19,0,0
141,361,0.608722942,0.505665743,3,low,api,0.475558738,12,1,1
113,324,0.926988475,0.032345288,7,medium,rdp,0.214000902,6,0,0
105,15,0.665120178,0.646928341,4,medium,smb,0.773308643,19,0,1
192,217,0.690853504,0.554295212,2,medium,ssh,0.320351275,9,0,0
17,492,0.786968648,0.666836281,0,medium,smb,0.175110769,18,0,0
120,439,0.11634845,0.930140553,9,low,smb,0.63164019,12,0,0
137,35,0.360162153,0.687276612,4,medium,smb,0.090453667,1,0,0
169,183,0.968207928,0.32044993,5,high,rdp,0.971352675,19,0,1
129,270,0.922930078,0.198736664,3,medium,api,0.632397264,11,0,0
130,433,0.884075296,0.854636207,6,medium,smb,0.985895521,7,0,1
60,467,0.45208851,0.194332143,2,medium,ssh,0.338893423,17,0,0
48,358,0.857192954,0.161609581,6,low,rdp,0.971205161,1,0,0
29,100,0.048395882,0.206612081,0,medium,api,0.145562248,15,0,0
97,7,0.148517424,0.508840848,6,high,smb,0.040694772,7,0,0
10,30,0.413967698,0.124187443,0,low,ssh,0.03298406,15,0,0
58,467,0.483392067,0.938118331,0,high,smb,0.464870371,7,1,1
188,305,0.263507154,0.966253707,1,low,api,0.083004197,12,0,0
21,473,0.356476671,0.973801853,1,low,api,0.512167884,5,0,0
28,144,0.162776101,0.039124805,3,high,smb,0.327500504,0,0,0
34,111,0.489134032,0.946197526,0,medium,smb,0.335628992,1,0,0
8,232,0.793843293,0.997414933,3,high,rdp,0.635608997,6,0,1
187,179,0.661360394,0.942429109,1,high,api,0.163098006,12,0,1
177,72,0.107792247,0.670938906,3,low,api,0.76655337,3,0,0
79,210,0.487581603,0.701230152,3,medium,smb,0.58203092,8,0,0
145,220,0.697646383,0.12225294,8,low,ssh,0.914944629,18,0,0
188,80,0.529895297,0.874297077,8,low,smb,0.364840654,19,0,1
87,83,0.391675597,0.059639585,0,low,smb,0.982714992,2,0,0
88,42,0.621914421,0.317730547,4,medium,api,0.575827647,1,0,0
173,273,0.968638665,0.991151645,6,low,rdp,0.973401956,15,0,1
69,191,0.09490791,0.422327879,3,medium,smb,0.027060654,9,1,0
160,173,0.390016061,0.131156224,4,medium,ssh,0.727976322,11,1,0
172,461,0.406605853,0.969294662,1,low,ssh,0.816621524,17,0,1
193,7,0.57696731,0.984139647,2,medium,smb,0.053173287,1,1,1
87,155,0.152174602,0.187042685,6,low,ssh,0.578969664,13,1,0
101,10,0.17664303,0.864803809,9,low,ssh,0.801942294,11,1,1
8,34,0.285361386,0.390423326,6,medium,smb,0.561038725,19,0,0
77,36,0.955870043,0.381368464,3,low,ssh,0.06381359,7,1,1
87,409,0.734108581,0.262697632,0,high,ssh,0.693447241,6,0,0
43,6,0.661693302,0.044710275,0,medium,smb,0.060596915,12,1,0
129,408,0.816957687,0.268008984,3,medium,api,0.817468895,14,0,0
109,402,0.127576469,0.053776905,3,medium,rdp,0.043034183,13,1,0
179,215,0.85933282,0.924372046,5,low,rdp,0.137397381,4,0,1
152,134,0.594832714,0.661720672,6,low,api,0.275107591,7,0,0
152,285,0.335329007,0.88662265,8,low,smb,0.633364792,17,1,1
17,126,0.815855256,0.717290681,8,low,api,0.9763591,4,0,1
133,409,0.802564534,0.131286871,9,low,rdp,0.117822853,8,0,0
148,439,0.845708582,0.940581537,4,high,rdp,0.142707669,9,0,1
21,337,0.1155179,0.899893054,9,low,rdp,0.368870397,16,1,1
58,174,0.969361245,0.348076078,2,medium,rdp,0.836219138,2,1,1
159,152,0.959626154,0.11153334,2,low,smb,0.467230953,0,0,0
110,331,0.357469646,0.704154751,5,low,rdp,0.3216106,6,1,0
139,26,0.065894018,0.728361303,0,low,rdp,0.561203832,14,0,0
180,383,0.167055669,0.896829045,6,medium,smb,0.260523197,18,0,0
143,115,0.992830825,0.052655759,2,low,api,0.401159907,7,0,0
135,382,0.563012943,0.141703838,4,low,smb,0.332605149,10,0,0
28,482,0.356621799,0.598248793,6,medium,rdp,0.804141022,1,0,0
51,284,0.288202694,0.619131551,6,medium,ssh,0.924255726,19,0,0
186,387,0.256991735,0.033609662,8,low,smb,0.759572192,1,0,0
5,75,0.664152765,0.396932051,0,medium,smb,0.439083576,10,0,0
5,166,0.419387832,0.584161731,2,medium,api,0.504334977,19,0,0
94,189,0.965410699,0.737911333,8,medium,rdp,0.125073694,16,1,1
96,78,0.683843031,0.316150692,7,low,ssh,0.746864711,9,0,0
8,435,0.792044591,0.483903493,1,low,smb,0.596475679,4,0,0
64,90,0.292741549,0.814054872,7,low,smb,0.902439996,2,0,0
138,176,0.079186409,0.953895064,7,high,smb,0.200611144,8,1,0
38,21,0.487822837,0.230314675,1,low,ssh,0.759726122,19,0,0
111,54,0.314581547,0.253042206,7,high,smb,0.684671662,1,0,0
112,184,0.202083165,0.939818187,2,low,smb,0.265845534,18,0,0
81,359,0.952642131,0.395911151,6,low,ssh,0.66737864,16,1,1
136,222,0.443988214,0.718348325,8,low,smb,0.924373381,11,1,1
104,315,0.174708592,0.612265229,3,low,ssh,0.918435988,19,1,1
153,328,0.198650653,0.28558768,5,high,api,0.719626575,8,0,0
73,179,0.280709742,0.653562222,8,medium,ssh,0.048073113,3,0,0
194,276,0.999316268,0.655565901,4,medium,api,0.872264337,17,1,1
178,112,0.268011501,0.592443185,0,medium,ssh,0.657778607,15,0,0
195,224,0.328801805,0.099660825,2,medium,rdp,0.310434253,9,0,0
49,214,0.659328128,0.995171822,8,high,smb,0.187250362,11,0,1
36,59,0.293961376,0.400416461,2,low,api,0.116203863,10,0,0
126,327,0.215804251,0.638250985,9,medium,smb,0.050236899,4,0,0
68,393,0.158637187,0.885761694,1,medium,smb,0.754103248,19,0,0
78,109,0.312682665,0.423288488,3,high,ssh,0.235842999,10,0,0
105,385,0.10591569,0.773925057,4,medium,rdp,0.024252936,15,0,0
169,157,0.018646586,0.971824425,6,high,ssh,0.397270652,14,0,0
122,191,0.804641697,0.35893476,6,medium,smb,0.482607081,5,0,0
119,200,0.137894942,0.40526957,8,low,ssh,0.169230231,12,1,0
190,312,0.77597685,0.905576059,7,low,api,0.044048336,15,0,1
114,196,0.797542479,0.159642868,1,medium,rdp,0.189125483,2,0,0
10,35,0.537919526,0.028594838,7,medium,smb,0.679102762,17,0,0
149,379,0.309681958,0.908889005,7,low,ssh,0.082243677,0,0,0
164,387,0.145032734,0.821591574,4,low,api,0.555037031,16,0,0
140,246,0.736805107,0.972583033,2,low,rdp,0.146411988,19,0,1
91,237,0.601386986,0.058237783,8,high,ssh,0.195689174,5,0,0
2,104,0.655453456,0.15617733,6,low,ssh,0.393077883,8,0,0
118,7,0.00866909,0.105312559,0,medium,smb,0.100825336,3,0,0
13,283,0.927517016,0.683416132,7,low,api,0.173203503,6,0,1
181,1,0.066290187,0.606010074,9,low,rdp,0.348952411,10,0,0
160,219,0.366805885,0.359335199,4,high,ssh,0.329669005,2,0,0
95,464,0.40271165,0.057423479,5,low,rdp,0.749271486,15,1,0
144,230,0.001355524,0.639661984,8,low,api,0.074782305,5,0,0
32,455,0.497089309,0.570120485,9,low,smb,0.860450736,6,0,0
32,172,0.752808995,0.112903211,7,low,smb,0.816232171,11,0,0
124,87,0.823268653,0.908909704,2,medium,smb,0.76599164,6,1,1
11,41,0.879396993,0.19894971,4,low,rdp,0.309372362,18,0,0
10,123,0.487718868,0.743509152,3,medium,rdp,0.822881786,15,0,1
15,331,0.630636191,0.885075863,0,low,ssh,0.18280208,17,0,1
17,298,0.079519713,0.579474991,4,high,api,0.124409206,9,0,0
168,373,0.488038224,0.246848905,9,medium,api,0.044956333,0,0,0
146,417,0.154815755,0.309248518,6,high,api,0.939310363,7,0,0
183,178,0.369643118,0.885747534,0,high,rdp,0.308010898,2,0,0
153,63,0.329305313,0.298257156,3,low,smb,0.91761788,15,0,0
59,484,0.423540577,0.746190483,5,low,api,0.272613562,2,0,0
78,165,0.571636618,0.990165212,8,medium,ssh,0.907565959,1,0,1
124,489,0.902876647,0.999816719,7,low,rdp,0.903929053,11,0,1
114,187,0.394484631,0.533479748,1,low,smb,0.923676045,7,0,0
22,383,0.981131196,0.826555797,2,low,api,0.496153439,18,0,1
158,209,0.759028048,0.990249868,9,low,smb,0.865946287,17,0,1
172,227,0.511481047,0.37467289,4,medium,ssh,0.950765896,19,0,0
32,432,0.644026437,0.252409585,6,low,api,0.324616942,14,1,0
179,389,0.102224171,0.114233356,2,low,api,0.418874406,16,0,0
174,48,0.844521531,0.140899638,6,medium,smb,0.719240187,17,0,0
113,224,0.582357455,0.853556364,4,low,rdp,0.300359822,17,0,1
120,3,0.98606748,0.58872309,9,high,smb,0.753809309,8,0,1
149,372,0.636428744,0.873709175,5,low,ssh,0.073892145,4,1,1
122,175,0.834111583,0.789455089,5,medium,smb,0.523498384,10,0,1
32,446,0.799762743,0.67374463,3,low,smb,0.122313484,3,0,0
119,99,0.345461151,0.609312192,7,low,api,0.293323476,9,0,0
39,116,0.259610625,0.048338904,8,low,rdp,0.258625392,3,0,0
12,270,0.430493583,0.872275196,1,low,rdp,0.838932074,2,0,0
175,447,0.467241344,0.417842062,8,high,rdp,0.193517255,15,0,0
18,368,0.240084702,0.559786857,3,medium,rdp,0.80844792,10,0,0
149,253,0.894597873,0.021953502,5,low,smb,0.793960346,8,1,0
141,317,0.542547862,0.936073502,6,low,api,0.498883056,0,0,1
149,415,0.978444392,0.902740461,3,low,api,0.233843256,9,0,1
126,95,0.810017778,0.54327803,7,low,rdp,0.22689634,11,0,1
136,273,0.55570486,0.577311633,9,low,smb,0.464924647,1,0,0
46,380,0.947040278,0.705017212,7,high,rdp,0.008809007,14,0,1
104,24,0.504874815,0.264694896,0,low,rdp,0.531350755,19,0,0
135,116,0.887106513,0.221915623,7,medium,api,0.952779526,15,0,1
151,151,0.358144781,0.674022947,9,medium,api,0.154706882,1,1,0
86,338,0.378642383,0.104422446,2,medium,rdp,0.573345621,12,0,0
150,50,0.418130683,0.454062005,4,low,smb,0.961778689,17,0,0
89,206,0.546625646,0.492760424,9,medium,rdp,0.860522139,18,0,1
22,498,0.55349027,0.381336977,7,high,api,0.850380116,10,1,1
92,335,0.496398922,0.185268176,5,low,api,0.82184993,13,0,0
29,79,0.306000974,0.355316264,3,low,smb,0.309023606,2,1,0
13,70,0.927206465,0.337557254,3,high,rdp,0.890616831,8,1,1
2,27,0.588586097,0.499265675,3,medium,rdp,0.941340351,4,0,0
29,271,0.407739216,0.674680842,5,low,ssh,0.495792423,13,0,0
180,50,0.651176961,0.968235124,6,medium,rdp,0.354571047,6,0,1
27,292,0.767966758,0.14416326,4,low,smb,0.414229016,11,0,0
50,247,0.960728088,0.87301711,9,low,api,0.334206442,17,0,1
95,264,0.499549162,0.284178,7,low,ssh,0.212418442,10,0,0
151,79,0.11209851,0.59137277,6,low,smb,0.61844847,8,0,0
88,387,0.440765801,0.546736948,7,medium,smb,0.562596886,10,0,0
44,190,0.478970561,0.556948419,3,medium,ssh,0.462585071,17,1,1
22,47,0.896994078,0.723358612,7,high,rdp,0.095845387,1,0,1
171,461,0.394800768,0.381688306,5,low,ssh,0.796892965,19,0,0
165,361,0.953324265,0.319099963,2,medium,smb,0.174933563,12,1,1
189,354,0.485131908,0.852834573,7,low,rdp,0.114562043,14,0,1
97,472,0.973780501,0.22009504,6,low,api,0.623071395,7,1,1
184,488,0.008198321,0.180246037,9,high,ssh,0.398644361,4,0,0
3,352,0.898815375,0.015607437,4,low,smb,0.059808475,4,0,0
191,189,0.931120452,0.210577782,3,low,rdp,0.355568355,6,0,0
118,416,0.961020936,0.518531433,0,low,smb,0.771780352,11,0,1
19,256,0.013076534,0.538508873,9,low,rdp,0.615249205,19,0,0
23,222,0.171700837,0.254420491,2,medium,rdp,0.362786023,11,0,0
157,372,0.653764503,0.07227417,1,high,ssh,0.191804792,8,0,0
30,241,0.025472692,0.744640796,7,medium,api,0.631795621,3,0,0
39,269,0.063608996,0.757975349,7,high,rdp,0.887555301,7,0,0
108,1,0.221078874,0.997836396,4,medium,smb,0.646272718,18,1,1
111,34,0.512439769,0.900029571,4,high,rdp,0.812903855,0,0,0
25,446,0.545902559,0.926062065,3,low,api,0.521527839,10,0,1
128,79,0.034261123,0.798203826,0,high,smb,0.717971107,12,1,0
111,236,0.170367251,0.615502853,0,low,rdp,0.896226774,17,0,0
136,334,0.499705673,0.128545958,5,high,rdp,0.773178978,19,0,0
106,377,0.593940621,0.622313297,3,low,ssh,0.909853953,9,0,0
186,349,0.148401696,0.05595586,3,medium,api,0.431139602,12,0,0
144,98,0.398841412,0.885299111,2,medium,rdp,0.904220255,11,1,1
72,82,0.904401437,0.481821335,8,high,api,0.621567234,12,1,1
129,455,0.998899287,0.697472832,2,medium,rdp,0.870048766,1,0,1
108,477,0.987214455,0.052243664,7,low,smb,0.03937653,2,0,0
5,415,0.88167451,0.534248423,1,medium,api,0.657852382,16,1,1
3,192,0.394660088,0.301263398,3,low,smb,0.847975079,18,1,0
193,253,0.686574292,0.284968266,0,low,api,0.174202034,11,0,0
132,409,0.416592228,0.389655915,4,low,smb,0.661786933,15,0,0
104,38,0.648527027,0.000639461,1,low,rdp,0.824954714,19,0,0
64,14,0.309432471,0.466660882,0,low,smb,0.28794937,19,0,0
106,392,0.606202254,0.486566684,0,high,smb,0.405246328,9,1,0
98,347,0.523758497,0.863130916,1,high,rdp,0.569517718,14,0,1
10,310,0.024480266,0.448525608,4,low,api,0.519167689,7,0,0
149,386,0.790702904,0.363556294,8,low,smb,0.039189393,18,0,0
128,209,0.011897832,0.994747051,5,low,ssh,0.098672098,4,0,0
46,357,0.293155942,0.571213325,3,low,ssh,0.100466579,11,0,0
155,462,0.005924065,0.472613209,2,low,smb,0.262267905,9,0,0
66,89,0.376201413,0.495935835,7,low,smb,0.245864113,13,0,0
169,56,0.063160528,0.809181298,2,medium,smb,0.742222384,11,0,0
112,94,0.913510967,0.340676369,0,medium,api,0.572744386,12,0,0
13,93,0.415679295,0.389160463,3,low,rdp,0.763976085,16,0,0
137,340,0.459495775,0.755873359,4,low,ssh,0.069896057,0,0,0
164,85,0.349850236,0.07298374,4,medium,ssh,0.485214237,9,0,0
86,445,0.627506154,0.865169158,4,medium,api,0.323775579,4,0,0
90,245,0.784408117,0.430202696,7,low,smb,0.849939311,10,0,1
58,22,0.648146743,0.581292976,7,low,smb,0.707789157,9,0,1
54,291,0.748207118,0.757476159,3,low,rdp,0.869258471,5,0,1
12,485,0.905973664,0.266051922,8,low,rdp,0.046427122,14,1,1
14,272,0.863546532,0.890314208,0,low,ssh,0.72082349,8,0,1
121,306,0.674058453,0.979224972,4,low,rdp,0.540008352,7,0,1
162,122,0.214637963,0.494274361,4,low,ssh,0.825000029,5,0,0
181,128,0.637702851,0.936937365,4,low,api,0.507160591,5,0,1
121,113,0.506083096,0.001128623,7,medium,smb,0.540209078,16,0,0
20,427,0.717219231,0.89423783,8,low,smb,0.051767381,11,0,1
75,273,0.832931648,0.31104532,2,medium,ssh,0.668522865,6,0,0
144,336,0.742721497,0.311495425,8,low,smb,0.273139876,4,0,0
70,442,0.84656117,0.228088865,7,low,api,0.019693922,15,0,0
56,130,0.063866373,0.317013901,2,high,rdp,0.066437163,5,0,0
101,132,0.031620038,0.213484584,1,medium,api,0.957285609,7,0,0
186,85,0.258500568,0.905869106,3,low,smb,0.34607729,2,0,0
132,423,0.900666084,0.899023727,1,medium,api,0.868075629,7,0,1
111,482,0.823659251,0.102211315,3,medium,smb,0.959677234,6,0,0
125,350,0.682727298,0.142858429,4,low,ssh,0.943267189,16,0,0
132,390,0.700758667,0.862018639,1,low,rdp,0.881725241,18,0,1
20,81,0.726670469,0.398937771,7,high,rdp,0.894843912,19,0,1
138,487,0.9426027,0.169271677,0,low,smb,0.289008044,13,1,0
24,473,0.832191152,0.510669402,2,low,smb,0.15146989,5,0,0
154,325,0.623390387,0.41666805,6,low,rdp,0.639262562,6,0,0
37,69,0.665715435,0.219161554,9,medium,api,0.488105592,4,0,0
54,148,0.213740262,0.720752218,0,high,api,0.098746719,18,0,0
103,448,0.657318825,0.631289312,1,medium,api,0.677541316,6,0,0
149,16,0.424679012,0.099661614,2,medium,rdp,0.562860007,8,0,0
38,307,0.152961871,0.925386714,1,high,ssh,0.863067401,11,1,1
174,105,0.806402819,0.558469966,1,medium,smb,0.609183796,14,0,1
4,165,0.5102471,0.250204487,5,medium,smb,0.57394618,14,0,0
188,488,0.977425042,0.206291815,6,high,rdp,0.440751723,15,0,0
57,201,0.281679354,0.135947981,5,low,ssh,0.46278707,19,0,0
173,197,0.480670112,0.424637406,5,medium,rdp,0.954381227,14,0,0
20,426,0.447995455,0.135541013,8,medium,api,0.138446009,4,0,0
17,185,0.120779522,0.415816413,7,high,api,0.446218819,11,0,0
119,322,0.426115279,0.148770428,7,high,smb,0.655827234,3,0,0
71,265,0.287553456,0.656807522,5,medium,smb,0.433010646,2,0,0
4,363,0.160320471,0.785242022,4,high,smb,0.283215627,0,0,0
14,100,0.282155584,0.549522748,8,low,smb,0.287357371,12,0,0
3,342,0.233251691,0.680056875,1,low,api,0.233656046,4,0,0
80,320,0.734073531,0.938378737,6,low,api,0.343903201,11,0,1
186,214,0.030775178,0.63837153,5,low,ssh,0.871674776,1,0,0
55,278,0.617462748,0.364158198,6,low,smb,0.50522455,5,1,0
132,162,0.760661342,0.449480159,3,low,rdp,0.240238728,4,1,0
120,439,0.480723456,0.860525226,8,low,ssh,0.384526717,17,1,1
24,157,0.93156498,0.130720319,6,high,ssh,0.105830412,4,0,0
162,422,0.707880695,0.325737022,1,low,api,0.90403574,17,0,0
158,251,0.747923651,0.577280069,3,high,smb,0.408197832,15,0,0
82,366,0.196933487,0.676389569,4,high,ssh,0.980391205,16,0,0
147,97,0.777295576,0.763499075,1,low,smb,0.347538773,1,0,0
159,18,0.832094736,0.318206796,9,low,api,0.836356047,16,0,1
188,327,0.361266388,0.145859134,7,medium,ssh,0.256385313,9,0,0
60,449,0.213363068,0.95483921,0,medium,ssh,0.076152893,2,0,0
147,383,0.385050679,0.076392217,2,low,rdp,0.031733362,13,0,0
49,97,0.739607969,0.095805356,0,low,api,0.606168427,18,0,0
63,1,0.417639006,0.494942542,4,low,rdp,0.311573672,11,0,0
110,216,0.736651875,0.819271028,7,low,api,0.44351988,0,0,1
150,132,0.113564541,0.774504106,6,low,rdp,0.818647036,6,1,0
152,260,0.80601171,0.937699266,8,low,api,0.248108086,6,0,1
109,125,0.253207482,0.141602576,1,medium,api,0.308652477,12,1,0
76,82,0.248928988,0.375727257,7,high,ssh,0.845336185,8,0,0
30,283,0.590380965,0.282142129,7,medium,rdp,0.492762273,4,0,0
58,171,0.070118046,0.860870124,5,high,rdp,0.827665167,3,1,0
117,59,0.026297727,0.48835462,2,medium,rdp,0.374476003,4,0,0
159,32,0.261028665,0.026847934,1,medium,ssh,0.398369981,19,0,0
100,161,0.538067551,0.707964407,7,low,smb,0.167138362,11,0,0
192,284,0.907616386,0.388698098,5,low,api,0.916345854,7,0,1
19,106,0.846435176,0.531146763,3,medium,rdp,0.896783694,12,0,1
176,105,0.49044646,0.893787427,4,high,api,0.984217015,3,0,1
173,439,0.037051994,0.256737775,4,low,ssh,0.402447127,19,0,0
94,228,0.535252735,0.240264676,8,low,api,0.818614942,10,0,0
183,188,0.7047956,0.263192504,8,medium,ssh,0.414953732,14,0,0
113,70,0.339164533,0.338107991,7,low,smb,0.454298789,13,0,0
183,318,0.111063303,0.107353975,7,low,rdp,0.829999394,17,0,0
146,464,0.278567953,0.697219661,1,medium,ssh,0.177366771,19,0,0
63,290,0.771588864,0.207398718,2,low,api,0.220310934,0,0,0
116,87,0.351243832,0.926145747,7,medium,ssh,0.31472824,0,0,0
113,370,0.811981491,0.215686314,4,high,ssh,0.788179033,10,1,1
47,362,0.319521452,0.255642029,6,low,smb,0.372651549,19,0,0
57,472,0.163555038,0.297020229,7,low,rdp,0.358168208,5,0,0
118,56,0.43584836,0.768538097,5,low,ssh,0.998816345,4,0,0
45,113,0.452274512,0.427606487,4,low,ssh,0.383806143,12,0,0
161,13,0.016108219,0.819334624,7,medium,api,0.247770536,9,1,0
145,440,0.117045073,0.784853712,0,low,ssh,0.623213678,5,0,0
198,18,0.184926019,0.929490423,0,low,ssh,0.801879952,3,1,0
4,182,0.113587317,0.756604155,0,low,rdp,0.069607834,3,1,0
148,461,0.341526075,0.05191117,2,low,rdp,0.618892231,6,0,0
47,113,0.964622856,0.837281274,9,low,api,0.035735456,15,1,1
143,229,0.509222538,0.938072597,5,medium,ssh,0.526332351,0,0,0
198,171,0.627556024,0.993689193,5,low,ssh,0.256991564,8,0,1
47,295,0.356386479,0.125267594,4,low,ssh,0.306641698,18,0,0
78,189,0.323487762,0.613273269,6,low,smb,0.467095964,19,0,0
124,426,0.023146772,0.199458666,4,high,smb,0.927107461,14,1,0
75,465,0.500333656,0.262509641,1,low,api,0.710667307,8,0,0
103,79,0.483609007,0.745584338,3,medium,smb,0.936845596,19,0,1
137,146,0.157830726,0.977667718,0,medium,api,0.659971005,0,0,0
90,407,0.764324,0.594855501,6,medium,ssh,0.007107747,0,0,0
144,182,0.49267433,0.85058447,3,low,smb,0.265585197,15,0,0
69,499,0.33899397,0.008883804,3,high,rdp,0.905772578,4,0,0
61,286,0.146908909,0.03663164,3,medium,smb,0.643445521,8,0,0
138,250,0.552160827,0.596724337,2,medium,ssh,0.981647237,0,1,1
50,354,0.752817026,0.388983102,7,low,rdp,0.155964019,18,0,0
3,314,0.281999353,0.889757815,3,medium,api,0.296747833,15,0,0
107,196,0.218794352,0.301981913,7,medium,ssh,0.36236766,2,0,0
113,323,0.521934964,0.432051028,8,low,rdp,0.326557818,3,0,0
94,71,0.155343303,0.527909198,0,low,smb,0.25199153,11,0,0
118,248,0.666613387,0.273038833,3,medium,api,0.443465716,6,0,0
198,146,0.605343628,0.908494867,5,low,smb,0.642298123,14,0,1
81,106,0.08708205,0.464533585,7,medium,rdp,0.311256923,14,0,0
109,263,0.036520379,0.424155609,5,low,rdp,0.079699923,4,0,0
51,296,0.620288653,0.849753049,5,low,ssh,0.708532527,1,1,1
147,70,0.294293774,0.311978402,9,medium,api,0.459016556,11,0,0
170,470,0.086445753,0.817465345,3,low,api,0.556482306,18,0,0
35,193,0.759428705,0.122272853,8,high,rdp,0.455400657,4,0,0
46,68,0.314044003,0.182788533,6,high,ssh,0.890357503,2,0,0
154,494,0.45959955,0.950841666,5,medium,rdp,0.558744997,5,0,1
69,305,0.236812927,0.842447491,0,medium,rdp,0.92327684,12,1,1
93,52,0.627317078,0.387898901,1,high,api,0.510575342,19,0,0
64,370,0.301488415,0.638456449,5,low,smb,0.292588162,14,0,0
165,363,0.968020961,0.942970189,0,medium,smb,0.355442587,3,0,1
49,285,0.702947549,0.211858903,4,low,api,0.522129294,19,0,0
149,405,0.136722276,0.05901047,0,low,ssh,0.529989438,6,1,0
74,474,0.41669484,0.537468065,2,medium,api,0.687337702,17,0,0
192,334,0.3854211,0.142596879,6,medium,ssh,0.224494872,6,0,0
5,9,0.534247111,0.187319093,4,low,api,0.6588429,11,1,0
100,251,0.841930674,0.89153919,9,low,ssh,0.778588008,10,0,1
70,431,0.583422015,0.007403459,0,medium,rdp,0.676591989,11,0,0
90,332,0.061556678,0.816820026,0,low,rdp,0.48182811,14,0,0
4,298,0.655415697,0.516950776,7,medium,ssh,0.991680651,7,0,1
126,435,0.008265298,0.559294388,8,medium,api,0.404813159,10,0,0
39,184,0.779960461,0.67176796,6,low,rdp,0.106590615,17,0,1
163,179,0.666636072,0.431444992,2,low,api,0.821504215,9,1,1
129,198,0.308785658,0.115611888,5,medium,smb,0.212201219,7,0,0
24,128,0.292441805,0.102820224,2,low,rdp,0.713285573,5,0,0
57,20,0.798272997,0.754362199,9,low,api,0.178976283,2,1,1
100,472,0.783336692,0.221035143,3,low,api,0.016877391,19,0,0
70,411,0.352302354,0.028101684,3,low,smb,0.159798604,11,0,0
41,422,0.298947728,0.979613889,2,low,api,0.376988697,16,0,0
182,328,0.559824789,0.980391519,9,low,ssh,0.106618247,2,1,1
174,65,0.00836566,0.378141337,5,medium,rdp,0.197679084,19,0,0
60,182,0.082667038,0.025523845,4,medium,ssh,0.764626278,17,1,0
108,241,0.12616959,0.727264659,8,medium,smb,0.769883608,11,0,0
188,369,0.185411818,0.83101206,8,low,ssh,0.817488227,15,0,0
57,24,0.512018127,0.12501369,2,low,api,0.841155237,9,0,0
31,384,0.992241915,0.135458615,8,medium,smb,0.420435895,18,0,1
84,431,0.652613402,0.822224,2,medium,smb,0.867549661,8,0,1
152,455,0.061298794,0.921907389,3,medium,ssh,0.525936875,13,1,0
36,83,0.525579374,0.790754837,0,medium,smb,0.470597117,19,0,0
158,470,0.496645212,0.200744949,4,medium,ssh,0.718536329,13,0,0
152,319,0.144167816,0.411521219,8,low,ssh,0.213818411,3,0,0
108,185,0.920272369,0.600842426,1,medium,ssh,0.789497377,14,0,1
106,439,0.440765248,0.160293474,3,medium,smb,0.429465827,19,0,0
158,316,0.994559141,0.210602493,9,high,smb,0.127295414,1,0,0
86,99,0.420072295,0.282886072,1,medium,rdp,0.119311914,17,0,0
135,62,0.607957703,0.50951327,7,medium,ssh,0.164906744,1,0,0
163,286,0.104762536,0.510804887,8,low,ssh,0.890572734,17,0,0
183,477,0.454227824,0.814294519,2,high,ssh,0.990937822,7,0,0
14,22,0.238765894,0.753010201,8,high,ssh,0.356973799,9,0,0
120,459,0.835564799,0.913735675,5,medium,ssh,0.292143852,19,0,1
138,212,0.783919585,0.832901723,5,medium,ssh,0.218770973,3,0,1
80,126,0.82418,0.253877548,6,low,ssh,0.823816477,9,0,0
144,413,0.723609438,0.331296769,4,medium,rdp,0.209207482,9,0,0
182,499,0.832683224,0.500423244,5,medium,rdp,0.92409013,2,0,1
106,425,0.20082875,0.014271135,0,medium,api,0.667350379,3,0,0
70,42,0.452043777,0.903902006,2,low,ssh,0.897127792,9,0,1
44,98,0.69184688,0.044344213,8,medium,ssh,0.554009854,6,0,0
73,449,0.637392498,0.322441271,4,low,rdp,0.690679862,11,0,0
45,31,0.716354483,0.569174791,4,medium,rdp,0.619458101,6,0,0
184,158,0.224258383,0.517841389,7,low,ssh,0.831195456,12,0,0
107,112,0.098434709,0.654459893,1,medium,ssh,0.835860811,7,0,0
84,402,0.916806578,0.527520175,6,low,rdp,0.589793,12,0,1
82,247,0.560171896,0.229001426,8,low,rdp,0.632507649,0,1,0
107,122,0.153825925,0.201078188,6,medium,api,0.92187592,15,0,0
185,273,0.793436582,0.907247069,4,low,api,0.929866484,18,0,1
21,294,0.914929937,0.263966737,5,medium,ssh,0.664249784,18,0,1
196,398,0.169563519,0.280977234,3,high,rdp,0.007754278,12,0,0
178,471,0.817412455,0.412952896,6,high,api,0.104411215,6,1,1
161,473,0.933225061,0.139438327,0,low,ssh,0.857942532,14,0,0
7,207,0.9383616,0.507272844,3,medium,api,0.084714116,5,0,0
70,110,0.914156462,0.665031762,2,low,api,0.213519181,3,0,0
127,440,0.546421012,0.786000492,3,high,api,0.23054668,19,0,0
143,278,0.356211317,0.711454242,0,medium,smb,0.60023477,10,0,0
160,451,0.007272808,0.147635964,1,low,ssh,0.576632798,18,0,0
148,56,0.060912227,0.456067145,8,low,api,0.289417523,1,0,0
143,375,0.428839015,0.038586201,6,low,ssh,0.207611366,16,0,0
176,403,0.399326146,0.017797997,5,medium,ssh,0.76453203,14,1,0
199,57,0.18471391,0.440130418,1,low,rdp,0.935456156,19,0,0
149,428,0.395480028,0.252960494,0,medium,ssh,0.05280568,17,0,0
170,482,0.174650065,0.683360795,1,medium,api,0.133180463,11,0,0
154,291,0.848791253,0.724240787,6,high,ssh,0.642163989,2,0,1
120,114,0.298194878,0.895403725,1,high,rdp,0.804441452,16,0,0
128,381,0.59856435,0.760682514,2,low,smb,0.791188669,13,0,1
142,385,0.502843062,0.048244123,7,medium,smb,0.719683153,5,0,0
57,308,0.051882078,0.37162301,6,medium,rdp,0.887427954,3,0,0
165,341,0.942233719,0.273023352,8,high,api,0.21734888,7,0,0
58,477,0.527225978,0.38613245,3,low,api,0.107290946,19,0,0
21,198,0.325057643,0.160075659,6,low,api,0.61536297,2,0,0
82,421,0.15812657,0.097704104,0,low,ssh,0.822275892,7,0,0
69,321,0.338526635,0.520984543,1,low,smb,0.582043578,12,0,0
131,179,0.020511603,0.720381311,6,low,api,0.962997487,18,0,0
87,385,0.363558155,0.701910902,1,low,smb,0.795564461,14,0,0
165,219,0.531485927,0.450944322,5,medium,rdp,0.700791801,6,0,0
49,277,0.871866246,0.522278986,9,low,smb,0.060257291,2,0,0
147,437,0.687374418,0.516328723,8,medium,api,0.107742239,18,0,0
115,16,0.111582313,0.691570378,4,low,smb,0.784837633,9,0,0
89,492,0.147746324,0.047925176,9,high,rdp,0.198237926,15,0,0
85,379,0.428123368,0.709896109,6,high,smb,0.028835176,13,0,0
128,61,0.195707752,0.582200901,0,medium,ssh,0.910760686,7,0,0
140,54,0.027849778,0.198108715,7,high,rdp,0.890805374,10,1,0
189,168,0.80501488,0.049058854,8,low,ssh,0.218483827,18,0,0
169,26,0.019522571,0.108527791,4,medium,ssh,0.780206258,1,0,0
161,336,0.830689605,0.524691341,5,low,api,0.047979661,4,0,0
178,476,0.144103963,0.75840853,7,low,api,0.285058004,10,1,0
117,65,0.974678411,0.334657287,3,low,rdp,0.623666908,6,0,0
196,100,0.603873912,0.379123911,1,medium,api,0.763178996,7,0,0
127,74,0.734982972,0.934146415,9,low,smb,0.010399189,16,0,1
71,192,0.110483628,0.213013084,7,medium,rdp,0.326208613,11,0,0
86,171,0.862104073,0.103749425,1,low,api,0.21434556,17,0,0
33,273,0.839192343,0.343410114,4,high,api,0.998780406,6,0,0
81,377,0.652992732,0.745922119,5,medium,smb,0.670982232,8,0,1
152,187,0.502274865,0.626077291,4,low,ssh,0.405671453,18,0,0
61,23,0.721489173,0.415795439,5,low,smb,0.075652602,13,1,1
61,391,0.005928215,0.964752533,5,medium,ssh,0.598670258,18,0,0
98,428,0.592440755,0.734996438,2,low,api,0.641701471,19,0,1
28,181,0.847406135,0.061861424,2,low,ssh,0.816405928,17,0,0
186,327,0.356899887,0.744631444,8,medium,ssh,0.288576853,14,0,0
43,108,0.108289356,0.024038556,2,low,api,0.98142808,3,0,0
169,335,0.42087725,0.650323323,2,low,rdp,0.439465739,12,0,0
167,162,0.727104449,0.210482836,1,low,smb,0.295943755,4,0,0
86,302,0.10730121,0.696442209,6,low,api,0.348449334,11,0,0
177,493,0.20604856,0.309779567,9,low,smb,0.519586053,16,0,0
17,452,0.147551847,0.873006308,9,low,smb,0.936701565,9,0,0
98,206,0.796947756,0.336913837,3,low,ssh,0.735158798,11,1,1
198,78,0.062892622,0.619695855,0,low,api,0.577109649,5,0,0
198,16,0.686586502,0.28592756,5,high,rdp,0.162810388,19,0,0
98,327,0.366456921,0.917221545,4,medium,smb,0.149353311,19,0,0
65,96,0.755791243,0.780995981,1,medium,smb,0.502196914,11,0,1
74,147,0.964383419,0.243302876,5,low,rdp,0.728708705,12,0,0
85,2,0.1145453,0.948796713,0,low,smb,0.751012173,16,0,0
5,10,0.314385041,0.35715759,2,medium,api,0.225914384,19,0,0
2,434,0.810125428,0.651864948,3,medium,rdp,0.100099513,9,0,0
22,125,0.266158386,0.742853231,2,low,api,0.384460989,18,0,0
112,81,0.215120597,0.022902161,5,low,rdp,0.918172543,4,0,0
57,485,0.825377978,0.958967346,3,low,smb,0.545367253,4,0,1
66,140,0.987082364,0.344441306,0,medium,rdp,0.320099767,7,0,0
74,326,0.55688059,0.189778893,4,low,api,0.323637668,16,0,0
98,150,0.278048748,0.850707792,4,medium,rdp,0.132087045,2,0,0
144,288,0.398565962,0.702899283,8,medium,smb,0.473223736,15,0,0
112,361,0.170130327,0.086743273,7,high,ssh,0.791362679,18,0,0
179,340,0.761887279,0.117044581,7,medium,smb,0.968558692,5,0,0
125,129,0.773474018,0.715191871,4,low,smb,0.501595,9,0,1
167,438,0.875120992,0.074783256,7,medium,ssh,0.167214916,15,1,0
86,239,0.026602564,0.917175435,9,medium,rdp,0.6829504,12,0,0
76,58,0.561981342,0.741540137,6,medium,smb,0.756791343,2,0,0
88,198,0.214255434,0.335492206,0,medium,ssh,0.071699749,7,0,0
168,211,0.340883015,0.362938779,6,high,api,0.85013913,19,0,0
38,402,0.784955615,0.506496096,7,low,ssh,0.82932239,7,0,1
188,390,0.192033652,0.360969414,2,low,smb,0.472541054,6,0,0
59,45,0.638341751,0.783468551,8,medium,api,0.560422519,10,0,1
138,97,0.654566191,0.974736944,7,low,smb,0.713408064,19,0,1
99,279,0.954093915,0.584521515,1,low,ssh,0.676748125,2,0,0
192,23,0.775160929,0.446037328,5,low,api,0.016535978,6,1,0
63,410,0.803635147,0.22277414,3,medium,smb,0.122435304,10,0,0
49,461,0.531600749,0.653433419,2,low,ssh,0.162590556,16,0,0
192,391,0.186780807,0.685576862,5,medium,api,0.755675889,17,1,1
32,335,0.425563366,0.685190607,9,low,smb,0.440083563,8,0,0
135,44,0.549489574,0.026985036,8,low,ssh,0.545502626,12,0,0
21,27,0.678419252,0.899122101,1,low,smb,0.772687437,14,0,1
20,282,0.607709112,0.338106563,9,low,smb,0.340982269,18,0,0
154,97,0.393977829,0.744165762,9,medium,smb,0.748890227,14,0,1
127,463,0.265313107,0.759806907,9,high,rdp,0.442299275,6,1,1
68,36,0.168230843,0.650554979,4,medium,smb,0.377180188,2,0,0
110,109,0.693845386,0.394866523,5,low,api,0.333037264,7,1,0
116,55,0.645398674,0.608384217,3,low,ssh,0.964944815,12,0,1
143,192,0.687372466,0.040198691,6,low,ssh,0.771973411,15,0,0
120,219,0.372527453,0.761895792,1,low,rdp,0.020195941,2,0,0
79,185,0.262407823,0.099588648,6,low,rdp,0.957415487,0,0,0
116,69,0.759721329,0.396750926,1,medium,rdp,0.77543963,2,1,0
92,317,0.773647395,0.103618788,0,low,smb,0.149174714,15,0,0
14,130,0.455616374,0.837074446,4,low,smb,0.076338125,0,0,0
155,55,0.611904085,0.550302393,1,high,api,0.308194094,17,0,0
125,378,0.373519664,0.69095512,7,low,ssh,0.624181529,13,0,0
168,97,0.7019472,0.68258217,7,high,ssh,0.616546689,6,0,1
58,336,0.835721597,0.841606232,0,high,smb,0.275850125,2,0,0
28,87,0.688233277,0.132569403,3,low,ssh,0.445674979,15,0,0
26,294,0.512582627,0.65972814,8,low,smb,0.211890156,5,0,0
113,119,0.458657959,0.575134054,4,medium,rdp,0.050578685,17,0,0
191,208,0.642319651,0.030897123,9,low,smb,0.516970467,12,0,0
66,334,0.679810892,0.201422909,5,low,api,0.346991134,1,0,0
153,413,0.558729444,0.267571541,2,medium,smb,0.542882432,11,0,0
131,154,0.624942275,0.072556375,4,low,smb,0.946507322,3,0,0
44,35,0.096588682,0.354719806,0,low,ssh,0.143370312,8,0,0
97,79,0.951765516,0.027202509,7,medium,smb,0.001962018,19,0,0
42,67,0.790773064,0.553183492,5,medium,api,0.076878213,4,0,0
6,343,0.37392787,0.211500961,1,low,smb,0.462708296,9,0,0
167,413,0.562812611,0.287003106,3,low,smb,0.70693203,5,0,0
180,34,0.04732453,0.910471626,3,low,rdp,0.580763603,0,0,0
23,97,0.041227814,0.502816849,8,low,smb,0.494894607,19,0,0
89,169,0.250798335,0.269013931,8,medium,smb,0.353963131,4,0,0
123,169,0.689701642,0.598461758,4,medium,smb,0.309974172,5,0,0
178,151,0.852147748,0.201671435,2,medium,api,0.376286175,18,0,0
171,71,0.55918588,0.074395686,0,low,ssh,0.611634954,10,0,0
147,3,0.53213274,0.020906354,5,low,rdp,0.167753956,14,1,0
197,314,0.402309534,0.951529045,7,low,rdp,0.771362083,1,0,1
51,32,0.161597956,0.724610824,0,low,smb,0.57525324,14,0,0
11,287,0.118354101,0.799948148,0,low,smb,0.269156378,6,0,0
12,82,0.760679761,0.980917728,6,low,ssh,0.501152963,16,0,1
74,43,0.927503551,0.931628703,6,low,smb,0.962778688,11,0,1
8,391,0.458283216,0.736913199,1,medium,api,0.020491529,11,0,0
152,105,0.659445659,0.69398707,2,medium,ssh,0.199522641,4,1,1
41,1,0.914457651,0.336849997,1,medium,smb,0.44838024,19,0,0
164,61,0.090113633,0.104017252,5,low,ssh,0.638439722,6,0,0
85,270,0.770481453,0.573722548,7,high,rdp,0.212228266,1,0,0
72,180,0.616816884,0.576253295,7,high,smb,0.931403948,12,0,1
55,224,0.598637179,0.952237285,0,low,ssh,0.642572012,8,0,1
137,6,0.292540428,0.442570807,8,medium,ssh,0.877431949,14,0,0
47,103,0.683893355,0.690807624,7,medium,smb,0.32931793,14,0,1
143,10,0.794797755,0.574970627,8,low,ssh,0.828953934,0,0,1
176,71,0.112858165,0.176760229,8,low,smb,0.378219217,19,0,0
104,90,0.533521431,0.592064308,5,low,smb,0.252751772,2,0,0
42,226,0.101265181,0.540116709,2,low,api,0.911655339,0,0,0
60,158,0.872574019,0.493905994,0,low,api,0.092218476,18,0,0
198,228,0.507636723,0.513422934,7,high,ssh,0.942888796,19,0,1
12,405,0.807965689,0.163987972,9,medium,ssh,0.458515206,12,0,0
130,126,0.368085638,0.463477731,2,low,ssh,0.992625473,14,0,0
7,444,0.125078227,0.605653272,6,medium,rdp,0.539594654,12,0,0
80,209,0.041499304,0.489449199,9,medium,smb,0.757488172,17,0,0
131,97,0.281509621,0.488686195,5,low,smb,0.007071016,16,1,0
109,74,0.2442337,0.07751771,2,low,rdp,0.49666682,0,0,0
3,115,0.560351974,0.190774152,5,high,rdp,0.737453472,14,0,0
27,191,0.021738838,0.320972693,2,medium,ssh,0.78282702,3,0,0
114,495,0.520570544,0.419346994,8,low,smb,0.158048583,1,0,0
107,170,0.391771742,0.593937444,0,low,api,0.41897095,18,0,0
40,307,0.57712227,0.863345105,7,low,api,0.419071958,7,0,1
161,448,0.702417528,0.159164738,4,low,rdp,0.103640808,15,0,0
129,204,0.634091945,0.01508803,3,low,rdp,0.443045508,7,0,0
8,56,0.984644369,0.449237131,0,medium,smb,0.807092959,9,0,1
101,208,0.138265344,0.432102897,8,low,smb,0.300180738,15,0,0
160,41,0.429737009,0.551901218,8,low,api,0.432574522,4,1,0
124,32,0.424830737,0.833221771,4,low,smb,0.960958685,18,0,1
176,15,0.417053204,0.802360551,8,low,ssh,0.031708076,5,0,0
107,62,0.663798392,0.100043284,9,high,rdp,0.591521768,9,0,0
101,155,0.489828061,0.933995367,8,low,api,0.743436092,4,0,1
4,284,0.51743256,0.110414395,6,medium,api,0.760882434,18,0,0
198,209,0.432355992,0.634570509,7,low,ssh,0.715938025,18,1,1
110,320,0.991699461,0.672406294,0,low,smb,0.726451443,12,0,1
19,494,0.927561349,0.679877487,3,medium,smb,0.059012666,14,0,1
32,187,0.307724189,0.265351172,9,low,rdp,0.534136619,7,0,0
137,498,0.111593925,0.330345092,9,medium,ssh,0.782969072,10,1,0
12,442,0.839764724,0.548676875,3,low,api,0.094065049,0,0,0
139,130,0.997170251,0.199587496,8,medium,ssh,0.012049922,3,0,0
46,127,0.292608894,0.020310468,2,medium,api,0.814561832,12,1,0
119,292,0.357784926,0.562144455,9,medium,ssh,0.712294388,6,0,0
16,114,0.941633181,0.465278572,9,medium,smb,0.412206417,6,0,1
129,199,0.711129518,0.656731206,0,medium,api,0.940396433,5,0,0
63,13,0.295638332,0.146700576,4,high,rdp,0.766598095,7,0,0
109,271,0.581046491,0.840924895,6,low,ssh,0.967860942,11,0,1
119,89,0.944229579,0.146221488,3,medium,smb,0.92931526,17,1,1
21,215,0.811813107,0.891343605,8,low,api,0.481293603,14,1,1
158,444,0.741832714,0.449521173,5,low,smb,0.754708979,15,0,1
13,278,0.736996312,0.549805259,5,low,ssh,0.669191389,0,0,0
162,447,0.178020324,0.896581336,2,medium,rdp,0.81144521,9,1,1
4,474,0.824681239,0.299913048,9,low,rdp,0.787688402,14,0,1
156,481,0.276118632,0.181826996,9,medium,ssh,0.15323197,12,0,0
102,203,0.930366658,0.445751621,4,low,api,0.233735532,18,0,1
59,74,0.364639991,0.244367229,9,low,smb,0.265731577,12,0,0
128,25,0.857660397,0.527843912,5,high,smb,0.818498559,8,0,1
27,101,0.266233495,0.275257864,3,low,api,0.810741704,15,0,0
69,176,0.514526937,0.864489536,2,low,ssh,0.495335347,13,0,0
25,427,0.106885295,0.607324592,4,low,smb,0.580832259,8,0,0
131,117,0.660118903,0.00024067,6,medium,smb,0.826922153,17,0,0
97,166,0.836079275,0.805473735,5,low,ssh,0.312593601,3,0,1
196,41,0.718447281,0.330212337,1,low,smb,0.050178777,11,0,0
25,429,0.523258513,0.320207984,0,medium,api,0.482596438,4,0,0
148,344,0.045115879,0.383062812,4,low,api,0.913717144,10,0,0
162,424,0.933441007,0.630262528,4,medium,ssh,0.790468261,4,0,1
154,366,0.705489549,0.44206071,5,low,ssh,0.366617303,18,0,0
126,120,0.745864238,0.628635547,2,low,api,0.06477136,6,0,0
133,97,0.794680576,0.146780722,0,medium,ssh,0.636919505,3,0,0
189,145,0.747743426,0.970164465,3,medium,api,0.834490796,7,0,1
9,216,0.441116164,0.729606287,3,medium,api,0.664948566,5,1,1
116,229,0.733621829,0.250207107,9,medium,api,0.425074665,5,0,0
178,313,0.625026788,0.724169908,1,low,smb,0.123353613,3,0,0
134,130,0.854016334,0.575025456,7,low,ssh,0.910774244,13,1,1
60,352,0.802459815,0.109188996,5,low,smb,0.275958326,2,0,0
172,377,0.041374382,0.178196427,2,high,ssh,0.224287036,9,0,0
121,318,0.37888709,0.041308142,0,high,rdp,0.815976666,5,0,0
139,472,0.034716152,0.809238072,2,high,smb,0.981219939,17,0,0
194,137,0.102074925,0.551704753,7,low,smb,0.660160259,9,0,0
175,324,0.601410722,0.316748649,3,low,smb,0.624810489,8,0,0
108,337,0.873821821,0.126344902,2,medium,rdp,0.319430869,15,0,0
108,273,0.119824759,0.484045876,3,medium,ssh,0.020413451,19,0,0
131,117,0.451089287,0.525261347,3,medium,rdp,0.191797866,3,0,0
76,306,0.910878905,0.701948501,1,medium,ssh,0.584430437,10,0,1
30,368,0.814300984,0.96993721,3,low,ssh,0.151316462,11,0,1
21,94,0.519667896,0.43494553,8,low,ssh,0.883835807,18,0,0
156,168,0.771571439,0.406034207,3,low,ssh,0.188144688,9,0,0
190,442,0.522693774,0.369930005,0,low,ssh,0.522104453,6,0,0
161,203,0.158092337,0.826923909,0,low,rdp,0.512013246,6,1,0
163,341,0.124736113,0.156317221,0,low,smb,0.60394563,17,0,0
180,149,0.188368232,0.343812904,4,low,rdp,0.32743407,2,0,0
34,402,0.350922095,0.724970805,5,medium,smb,0.873534201,11,1,1
41,183,0.930529268,0.015694935,5,high,smb,0.444301536,13,0,0
51,413,0.799678414,0.289380724,5,medium,api,0.700153579,19,0,0
175,152,0.432801561,0.641447163,8,low,smb,0.635910861,1,1,1
82,74,0.49307671,0.185952098,0,low,rdp,0.117156083,8,0,0
58,365,0.265609458,0.302710569,9,low,api,0.622639353,9,0,0
75,401,0.704352956,0.486045074,5,high,ssh,0.550702678,5,1,1
185,274,0.802765671,0.422023566,7,low,ssh,0.898604063,16,0,1
23,42,0.238904696,0.10602719,7,low,smb,0.880876636,14,0,0
176,496,0.041821624,0.938235322,2,medium,ssh,0.150954787,0,0,0
128,212,0.623888943,0.044292721,4,low,ssh,0.081685146,12,1,0
150,101,0.562512119,0.749742756,9,high,api,0.294592219,9,0,1
17,45,0.402131155,0.071422771,3,low,rdp,0.986612857,11,0,0
69,82,0.643893942,0.467295803,0,low,ssh,0.021573776,15,0,0
108,17,0.550613298,0.175411292,8,low,ssh,0.67289224,1,0,0
139,73,0.250581577,0.141097796,4,high,rdp,0.608513734,2,0,0
94,14,0.397728976,0.125897977,1,high,api,0.64657828,7,0,0
15,433,0.42811357,0.452786637,1,medium,api,0.21828589,19,0,0
91,157,0.880247994,0.515484909,6,low,ssh,0.226717346,14,0,1
163,223,0.960904154,0.133384494,3,low,smb,0.430642082,18,0,0
33,132,0.893001362,0.97939573,0,high,rdp,0.095857807,17,0,1
125,338,0.719178024,0.257765887,4,medium,api,0.074613209,0,0,0
16,404,0.584992734,0.45884134,1,medium,ssh,0.088359453,18,0,0
162,376,0.689261635,0.216269558,6,low,api,0.572979171,1,0,0
66,376,0.939109221,0.493922645,8,low,ssh,0.397741857,4,0,1
168,47,0.249998735,0.756016582,0,low,rdp,0.293616781,17,1,0
156,107,0.535120508,0.521102014,1,medium,smb,0.31581938,15,0,0
47,108,0.689608019,0.285648871,5,high,rdp,0.207283306,9,0,0
167,265,0.679247001,0.248396609,7,low,api,0.411505335,2,0,0
198,205,0.25227896,0.758934406,6,low,api,0.203058069,9,0,0
148,79,0.586731527,0.118238176,8,low,api,0.698046042,12,0,0
124,155,0.795913142,0.369966494,1,low,smb,0.123932513,9,0,0
1,271,0.47507898,0.151482717,8,high,rdp,0.948242085,10,0,0
87,476,0.793298077,0.257975829,3,low,ssh,0.08981894,6,0,0
128,485,0.359882598,0.152683232,2,medium,rdp,0.943460714,1,0,0
191,247,0.938760127,0.886772509,6,medium,rdp,0.833294972,18,0,1
67,19,0.53392844,0.731904199,4,medium,smb,0.680712121,17,0,1
4,346,0.595947951,0.560927246,4,high,rdp,0.912301656,10,1,1
186,436,0.031361569,0.224425222,1,medium,api,0.139218794,16,0,0
153,26,0.170269137,0.510226827,5,high,smb,0.176314774,2,0,0
47,217,0.63293388,0.520833206,5,low,api,0.252152592,19,0,0
38,154,0.419870372,0.590403726,3,medium,api,0.244811527,11,0,0
143,154,0.50816379,0.060085157,4,medium,rdp,0.310848271,1,0,0
191,174,0.062971409,0.972901971,6,low,ssh,0.575630898,0,0,0
21,92,0.834135238,0.465438971,7,medium,rdp,0.028172611,8,1,1
57,433,0.784505602,0.926531774,5,medium,ssh,0.382272595,18,0,1
117,338,0.185353976,0.009808115,4,medium,smb,0.246385128,7,0,0
181,480,0.634329357,0.247558396,2,low,smb,0.606629848,8,0,0
46,181,0.818315212,0.10399557,6,medium,smb,0.985169331,6,0,0
142,131,0.640854136,0.769616177,7,low,api,0.517654612,3,0,1
145,450,0.310398095,0.32012505,2,medium,api,0.425685239,15,0,0
39,481,0.65611115,0.840492508,4,low,smb,0.368243545,5,0,1
137,298,0.210461748,0.832385366,1,medium,rdp,0.784949219,17,1,1
99,275,0.318254997,0.667794793,9,low,api,0.071980932,1,0,0
77,273,0.240069653,0.665781804,9,low,api,0.959770514,10,0,0
115,492,0.556925102,0.700159692,3,low,rdp,0.417917886,4,0,0
134,417,0.108226647,0.673763835,3,low,api,0.313700726,16,0,0
151,76,0.93331038,0.386908358,7,medium,rdp,0.974068116,4,0,1
187,177,0.333512354,0.682827645,2,medium,ssh,0.935878863,2,1,0
91,184,0.218970127,0.897406969,4,low,rdp,0.64193414,18,0,0
98,319,0.496549814,0.332573492,4,low,ssh,0.018507375,7,0,0
120,131,0.276997818,0.944889026,1,low,api,0.748534976,10,0,0
46,363,0.534904086,0.013581588,8,medium,ssh,0.3355574,2,0,0
38,49,0.34850915,0.349082538,3,low,rdp,0.388280231,2,1,0
142,55,0.132066811,0.132098402,8,low,ssh,0.158742129,0,0,0
100,154,0.265895242,0.126619829,8,low,smb,0.523458084,12,0,0
72,355,0.438439845,0.815429494,1,low,rdp,0.744552596,9,0,0
190,200,0.030293226,0.918368315,8,low,rdp,0.273011118,5,0,0
35,308,0.770642527,0.777758254,8,low,ssh,0.938732908,10,0,1
147,356,0.621824565,0.976615719,1,medium,api,0.194736856,7,0,0
30,373,0.601359607,0.21632897,5,medium,api,0.066262341,18,1,0
78,118,0.546049932,0.140799912,8,low,rdp,0.644363873,10,0,0
84,263,0.590313172,0.520703782,3,medium,rdp,0.849318732,5,0,0
113,46,0.934651953,0.829037615,1,low,ssh,0.953132859,11,0,1
25,302,0.008569211,0.039839091,6,high,rdp,0.767171011,17,0,0
168,356,0.04779971,0.995565661,8,low,rdp,0.199650012,2,0,0
88,400,0.19149341,0.602245929,5,medium,api,0.977661185,12,0,0
14,408,0.16730138,0.978941812,3,medium,rdp,0.919435876,3,0,0
154,189,0.181194459,0.365081633,0,low,ssh,0.163167423,8,0,0
102,310,0.671943886,0.458023821,3,high,rdp,0.558785827,15,0,0
150,318,0.459483301,0.752361442,2,low,rdp,0.555517426,11,0,0
176,129,0.991778878,0.792700451,6,medium,rdp,0.442534778,19,0,1
83,49,0.226885915,0.233033053,9,low,smb,0.98428133,6,1,0
110,25,0.310830101,0.929801086,4,low,rdp,0.059622237,11,0,0
179,266,0.984240717,0.867423122,2,medium,ssh,0.627208908,7,0,1
131,118,0.831758141,0.018205303,1,low,api,0.205303623,14,0,0
170,464,0.469799221,0.128568106,1,low,api,0.527331205,1,0,0
19,144,0.554596886,0.496097106,4,low,smb,0.779740772,10,0,0
28,442,0.843177921,0.460955514,7,medium,ssh,0.246726803,4,0,0
173,200,0.480980246,0.708390855,7,low,api,0.393359546,5,0,0
71,157,0.206023724,0.089711376,4,low,api,0.950768074,18,0,0
63,487,0.828444539,0.644855307,1,medium,rdp,0.761480738,13,1,1
73,348,0.537772491,0.616369931,3,low,rdp,0.572723185,6,0,0
124,134,0.153042597,0.233619598,6,low,rdp,0.221997388,11,0,0
119,400,0.505585831,0.542393964,5,low,smb,0.425305437,16,0,0
121,148,0.413203381,0.222207207,9,low,rdp,0.774061319,3,0,0
19,336,0.876842532,0.146923027,6,low,ssh,0.820543078,19,1,1
175,71,0.126055431,0.573134935,4,high,smb,0.244606198,9,0,0
142,233,0.875209804,0.977474278,1,low,api,0.66206021,0,0,1
120,334,0.512211017,0.236933349,7,low,api,0.095002992,3,0,0
166,299,0.40436443,0.355336149,1,low,ssh,0.023212307,12,0,0
181,154,0.161967184,0.256573226,7,low,ssh,0.548673923,5,1,0
61,90,0.700817963,0.266459822,6,medium,api,0.224379854,14,0,0
164,334,0.926806709,0.404192134,2,low,ssh,0.078912031,13,1,1
168,199,0.375377354,0.701855511,3,low,ssh,0.729828313,2,1,0
30,161,0.241585001,0.038804524,6,low,ssh,0.497974588,18,0,0
9,26,0.554866917,0.957124196,3,medium,rdp,0.796277011,5,0,1
64,121,0.796185948,0.046279879,8,low,api,0.66394424,1,0,0
161,301,0.003767695,0.881253182,6,low,ssh,0.72980494,8,0,0
120,212,0.631377436,0.894378099,0,medium,ssh,0.307360581,12,0,0
52,63,0.596516001,0.524489188,0,low,rdp,0.263275826,17,0,0
89,451,0.318152186,0.136996829,3,medium,api,0.600874892,11,1,0
142,436,0.451423004,0.565145971,8,medium,smb,0.20008214,3,0,0
53,68,0.246963224,0.62863216,3,low,api,0.815412116,6,0,0
187,253,0.789885738,0.857758958,4,low,api,0.522920169,11,0,1
78,410,0.634534933,0.550895376,0,high,api,0.226989932,10,0,0
41,459,0.532711622,0.410709396,1,medium,rdp,0.625168232,6,0,0
196,2,0.392526198,0.838291194,3,high,api,0.945035735,9,0,0
68,398,0.291384386,0.980951797,3,low,smb,0.082094727,8,0,0
8,108,0.822736486,0.645103205,9,low,ssh,0.109345207,1,0,0
2,286,0.45140767,0.874387037,5,high,api,0.843839147,4,0,1
105,49,0.50144742,0.598735113,5,low,rdp,0.109593775,9,0,0
125,140,0.520828731,0.689787991,7,high,api,0.039375369,13,0,0
110,218,0.448366935,0.688167118,8,low,api,0.347930581,15,0,0
86,44,0.256088426,0.704786987,0,high,smb,0.466705885,1,0,0
169,417,0.12034044,0.321013444,0,low,smb,0.569444437,18,0,0
120,269,0.098537267,0.575661396,5,low,rdp,0.507300233,8,1,0
127,78,0.757462523,0.594135584,3,high,rdp,0.913184563,13,0,1
183,216,0.223527822,0.315071627,3,low,rdp,0.7686681,14,0,0
16,382,0.055672815,0.349852368,0,low,rdp,0.983810256,18,0,0
62,98,0.797517407,0.762246765,8,low,rdp,0.476455423,7,0,1
113,236,0.154061653,0.582723841,2,medium,ssh,0.08432961,14,0,0
176,282,0.625146092,0.149211148,4,high,ssh,0.955530643,7,1,0
158,149,0.338643271,0.837636989,9,low,rdp,0.004113162,3,0,0
12,412,0.126480257,0.883114287,0,low,rdp,0.776096014,5,0,0
35,304,0.414480979,0.466141148,7,low,ssh,0.031282031,10,0,0
11,484,0.014808861,0.208907432,2,medium,smb,0.761214191,11,1,0
64,424,0.841044983,0.947606495,0,low,ssh,0.93793894,8,0,1
50,66,0.513497961,0.882269565,9,low,rdp,0.389260297,17,0,1
149,234,0.139160011,0.244381746,5,low,smb,0.240964851,16,0,0
69,457,0.236980318,0.095593736,0,medium,rdp,0.226279153,2,0,0
48,87,0.447975192,0.440653608,2,high,api,0.491717644,12,0,0
20,79,0.188869383,0.676396986,4,low,smb,0.170887036,5,0,0
101,205,0.268599162,0.175388585,3,low,rdp,0.672923631,13,0,0
195,279,0.534385564,0.513212658,6,medium,ssh,0.368352357,0,0,0
172,337,0.832609013,0.425415494,5,medium,rdp,0.323109492,3,0,0
161,254,0.401839686,0.890551149,2,low,ssh,0.461285576,17,0,0
189,304,0.716975274,0.429566633,7,low,smb,0.542587502,10,0,0
137,380,0.876684213,0.533776394,7,low,ssh,0.141930262,10,0,1
68,130,0.21630094,0.955286196,1,medium,smb,0.707763364,7,1,1
35,84,0.80719197,0.299691766,6,medium,rdp,0.8829471,3,0,0
65,276,0.757402198,0.288990932,0,low,ssh,0.277986916,1,0,0
8,187,0.356937298,0.79959508,1,low,smb,0.180390902,0,0,0
45,46,0.98951996,0.277538986,7,low,smb,0.760505424,9,0,1
87,387,0.262572371,0.83186587,0,high,smb,0.183541724,16,0,0
175,183,0.254803266,0.095535609,1,low,api,0.04125516,6,0,0
168,268,0.772259165,0.111261247,0,high,smb,0.61924322,6,0,0
76,296,0.434657318,0.901323374,4,medium,rdp,0.239751416,12,0,0
182,322,0.330794995,0.540812282,6,low,rdp,0.171810409,0,0,0
76,100,0.178662805,0.718814267,5,low,rdp,0.981602742,0,0,0
174,78,0.765332431,0.225288892,5,high,smb,0.291864983,12,0,0
47,272,0.786321806,0.166274368,5,low,rdp,0.90344329,0,0,0
15,339,0.566564003,0.834954262,7,high,smb,0.178218766,5,1,1
105,162,0.957313613,0.358623407,4,low,smb,0.818977132,9,0,1
147,44,0.31816327,0.455032619,9,medium,smb,0.502018873,0,1,0
26,238,0.219619045,0.027971897,6,medium,api,0.078594769,4,0,0
52,134,0.677466769,0.385880734,2,high,ssh,0.733605294,1,0,0
93,461,0.758408641,0.770437808,8,low,rdp,0.892073372,2,1,1
150,192,0.224905971,0.821275177,9,medium,api,0.16301699,2,0,0
21,356,0.076610764,0.698754789,2,low,rdp,0.725590242,17,1,0
51,278,0.810516487,0.692179734,5,low,api,0.445052519,7,1,1
38,18,0.976501974,0.506239267,2,low,ssh,0.753870453,8,0,1
20,12,0.644672286,0.538329329,0,low,ssh,0.713927948,1,0,0
157,180,0.2778669,0.742631747,0,low,ssh,0.02660023,1,1,0
179,123,0.996672609,0.247301799,2,low,ssh,0.178721036,15,0,0
132,246,0.893266636,0.231517068,3,high,smb,0.471027243,6,0,0
55,222,0.513380646,0.949924824,1,medium,rdp,0.933594172,3,0,1
199,373,0.825321285,0.027689887,8,low,rdp,0.342073457,4,0,0
92,51,0.815820523,0.139465464,7,high,rdp,0.62887347,0,0,0
28,488,0.93479897,0.570332426,2,low,smb,0.012083746,9,0,0
4,71,0.840923844,0.737834839,6,low,rdp,0.711126922,12,0,1
150,480,0.643679236,0.537891083,3,medium,ssh,0.603068263,14,0,0
76,48,0.609303719,0.355063996,4,low,rdp,0.715394747,0,0,0
173,19,0.467357288,0.977976119,3,medium,rdp,0.904660613,17,0,1
67,262,0.62648564,0.703852685,8,low,api,0.146498933,13,0,1
86,84,0.795216587,0.831390841,6,low,smb,0.261589596,17,0,1
194,155,0.969037626,0.040246874,3,low,ssh,0.995780892,11,0,0
162,53,0.467287358,0.23592011,7,high,ssh,0.156283959,11,0,0
91,107,0.573653203,0.374171094,1,medium,ssh,0.720627007,4,0,0
183,357,0.444805495,0.182601398,6,medium,rdp,0.725075911,6,0,0
105,304,0.668488621,0.072899273,0,medium,ssh,0.682993746,12,0,0
1,135,0.629920504,0.225091665,7,low,ssh,0.227440589,8,0,0
72,443,0.01783379,0.533635631,5,medium,api,0.215134063,5,0,0
87,69,0.541161559,0.695745248,4,low,rdp,0.666341068,6,0,0
166,11,0.088486896,0.774020923,8,low,api,0.186250184,17,0,0
6,143,0.026383618,0.042936155,8,medium,smb,0.661563332,14,0,0
153,192,0.791197162,0.427986172,2,low,rdp,0.492528282,7,1,1
145,387,0.258649862,0.122211584,8,low,api,0.386628868,19,1,0
61,378,0.340655077,0.431200386,8,medium,smb,0.300232349,15,0,0
12,69,0.064084588,0.433975849,1,medium,api,0.947576933,16,0,0
6,23,0.17950026,0.498211687,4,medium,smb,0.508093658,2,0,0
27,181,0.765604818,0.892830626,1,low,ssh,0.561251963,12,0,1
136,293,0.49353083,0.805095503,0,low,ssh,0.949256085,8,0,0
124,9,0.880668463,0.636720845,6,medium,rdp,0.653877318,19,1,1
106,271,0.397242131,0.885407323,3,medium,api,0.957852928,14,0,1
193,387,0.268700736,0.678468617,4,low,api,0.106366741,15,0,0
185,93,0.347599814,0.818854961,3,high,smb,0.846639632,15,1,1
93,454,0.712771794,0.563778301,5,high,rdp,0.335414628,18,1,1
109,17,0.555005672,0.525218252,1,low,ssh,0.810487525,3,1,0
99,154,0.904191208,0.724097243,7,medium,api,0.855636624,18,0,1
168,405,0.602168769,0.019689312,3,low,smb,0.271487886,18,0,0
142,328,0.493018208,0.690377572,7,low,ssh,0.408830617,1,0,0
35,149,0.785752724,0.934518218,2,low,ssh,0.726014354,5,0,1
176,377,0.947533851,0.71394208,4,medium,ssh,0.099055631,12,0,1
84,267,0.355845911,0.036793724,2,high,smb,0.755533534,14,1,0
56,422,0.24987621,0.377885641,6,medium,smb,0.110472926,9,0,0
177,328,0.616217396,0.809581302,2,medium,ssh,0.914455732,9,0,1
141,106,0.498872821,0.95860855,7,low,smb,0.276339293,3,0,0
189,472,0.989185575,0.370163356,8,low,ssh,0.575599347,13,0,1
49,381,0.462361784,0.841194056,1,low,ssh,0.1171535,7,0,0
46,35,0.074331551,0.863809875,2,low,ssh,0.269493155,5,0,0
113,119,0.977369061,0.123286399,6,medium,smb,0.403955043,11,1,1
190,14,0.843586946,0.845788467,4,low,rdp,0.487048877,7,0,1
136,14,0.178250144,0.324249896,9,medium,rdp,6.75E-05,5,0,0
43,266,0.904605253,0.593237722,6,low,smb,0.888655762,14,0,1
148,140,0.340666821,0.538962119,1,low,api,0.00767481,18,0,0
124,294,0.377111985,0.663053864,3,low,smb,0.773684563,13,0,0
97,364,0.906391482,0.740464651,0,high,api,0.470578912,2,0,1
90,119,0.530115565,0.440881098,4,low,ssh,0.523880025,17,0,0
39,238,0.137762929,0.888310822,7,low,api,0.208265479,9,0,0
85,34,0.369056159,0.809498422,0,medium,ssh,0.60736835,13,0,0
177,169,0.722097446,0.785421093,6,high,rdp,0.537231909,13,0,1
192,10,0.174184188,0.458246842,6,medium,ssh,0.164236407,6,0,0
62,122,0.590231197,0.037572886,6,low,api,0.238119001,6,1,0
106,401,0.695274133,0.492256406,0,low,rdp,0.066903629,10,0,0
107,145,0.343853576,0.898445534,2,high,rdp,0.066283572,17,0,0
54,451,0.693880689,0.190450156,1,medium,smb,0.013775786,9,0,0
126,446,0.884207352,0.982592472,4,medium,api,0.220474325,14,0,1
9,223,0.472116744,0.80769062,1,low,api,0.679661227,11,0,0
88,371,0.382909328,0.709829792,4,low,smb,0.316215388,16,0,0
37,257,0.251158401,0.677159958,4,low,smb,0.34273427,16,0,0
49,268,0.60420548,0.587025882,3,medium,rdp,0.131905393,0,0,0
41,359,0.879852048,0.720670323,6,low,smb,0.575470668,5,1,1
17,4,0.324661267,0.421905556,9,high,rdp,0.342143642,14,0,0
88,426,0.396235525,0.845288108,5,low,api,0.676316803,18,0,1
21,397,0.406625518,0.696345956,1,medium,smb,0.741459469,13,0,0
51,354,0.560812342,0.771253112,3,low,api,0.584692875,9,0,0
59,106,0.228408962,0.792487422,6,low,rdp,0.276069537,9,0,0
167,85,0.822211155,0.092070046,8,low,ssh,0.508607799,6,0,0
183,214,0.295602278,0.055640773,8,medium,ssh,0.251930805,6,0,0
41,121,0.705362691,0.800985868,2,medium,api,0.902912835,13,0,1
39,132,0.513215742,0.259384021,0,low,rdp,0.76638575,14,0,0
141,338,0.585897603,0.581969808,8,medium,rdp,0.493005906,19,1,1
192,197,0.179608739,0.443710855,7,low,ssh,0.965457143,8,0,0
11,19,0.735023198,0.022039204,6,high,rdp,0.546755447,14,1,0
147,130,0.188620519,0.040281258,5,high,rdp,0.328535477,8,0,0
139,12,0.113473638,0.827125242,9,high,api,0.095467301,6,1,0
77,81,0.5466795,0.607677561,6,low,ssh,0.543745645,10,0,0
127,330,0.709297137,0.523843079,8,low,rdp,0.860416612,4,0,1
46,354,0.050035836,0.944352083,5,high,api,0.866718728,8,0,0
45,262,0.069395315,0.173115026,9,low,smb,0.604567067,5,0,0
1,392,0.802679163,0.25797084,2,low,ssh,0.393438363,6,0,0
168,125,0.8090327,0.756739078,2,medium,api,0.650296308,13,0,1
108,307,0.245304717,0.775235228,3,low,smb,0.762140355,18,0,0
19,267,0.615228203,0.404897196,9,medium,rdp,0.411624784,10,0,0
76,447,0.443180075,0.950978435,9,medium,rdp,0.476254169,6,0,1
72,441,0.632696041,0.938254578,7,medium,smb,0.680616307,5,0,1
189,383,0.862879284,0.012409715,9,low,api,0.876652606,3,1,1
109,140,0.079856425,0.172327902,8,low,rdp,0.791010378,13,0,0
12,329,0.777984426,0.820219442,7,low,rdp,0.022391369,2,0,1
189,2,0.493029105,0.335216685,9,low,api,0.124372344,16,0,0
161,8,0.564126944,0.095462679,1,low,api,0.85277818,14,0,0
45,250,0.65393136,0.784999174,3,low,smb,0.833822828,0,0,0
90,139,0.922623149,0.454583506,3,low,rdp,0.388806783,10,1,1
103,124,0.056719954,0.492410787,1,low,api,0.584277922,12,0,0
197,309,0.029476352,0.186369389,7,medium,ssh,0.905844982,2,0,0
8,228,0.178261781,0.660895054,2,low,smb,0.911558681,12,0,0
153,10,0.986447726,0.551241318,1,low,smb,0.783092846,17,0,1
91,469,0.715076367,0.206672938,6,medium,smb,0.209588938,8,1,0
174,212,0.614641119,0.340331508,0,medium,smb,0.730282807,1,0,0
87,112,0.047039053,0.596879287,5,low,ssh,0.101098432,7,1,0
158,8,0.879110224,0.924872255,2,medium,smb,0.893938459,1,0,1
175,292,0.812756853,0.92037635,2,low,smb,0.149148804,0,0,1
177,477,0.664800044,0.287905904,4,low,api,0.66234864,2,0,0
175,362,0.339130815,0.735620978,2,high,rdp,0.610243274,16,0,0
84,460,0.070504956,0.775519081,3,high,smb,0.776899656,6,0,0
82,253,0.580038488,0.8088231,2,medium,api,0.551577502,9,1,1
146,14,0.719694571,0.570762285,6,medium,api,0.059566575,18,0,0
194,240,0.09424035,0.010507998,2,high,rdp,0.705846254,8,0,0
68,438,0.63376766,0.761676285,9,high,api,0.383154559,17,0,1
161,242,0.286366068,0.10659745,3,low,api,0.320285001,14,0,0
127,469,0.764244221,0.116871386,1,medium,smb,0.99167355,16,0,0
164,342,0.539615851,0.605624803,1,low,smb,0.590399766,16,0,0
82,149,0.129036788,0.983520521,8,low,api,0.710719073,18,0,1
147,236,0.526519448,0.242539473,0,low,ssh,0.526326137,8,0,0
156,306,0.395736863,0.64581088,0,medium,rdp,0.769972646,5,0,0
168,478,0.180355968,0.303653646,9,medium,api,0.752072735,18,0,0
84,167,0.841515724,0.898726114,0,high,api,0.657146116,7,1,1
113,20,0.011028448,0.593516892,2,low,ssh,0.997743061,5,0,0
76,216,0.312128277,0.207477328,1,low,rdp,0.459793534,16,0,0
122,343,0.012595038,0.26213105,2,low,api,0.706192348,5,0,0
143,135,0.096006947,0.43248073,4,low,api,0.797777963,12,0,0
41,393,0.297096219,0.122043562,8,high,smb,0.37603471,1,1,0
167,129,0.054271185,0.078733368,1,low,api,0.457175028,11,0,0
2,410,0.596630532,0.680061396,0,medium,ssh,0.969167266,6,0,0
191,422,0.086862908,0.407165062,5,low,api,0.032291017,5,1,0
29,294,0.701713634,0.726225792,2,low,rdp,0.335295654,16,1,1
105,246,0.052642113,0.1100582,6,medium,rdp,0.486212962,7,1,0
194,189,0.059308895,0.609865548,5,low,ssh,0.001464993,5,1,0
51,44,0.305325899,0.443306793,6,low,api,0.899127101,18,0,0
75,86,0.896571525,0.057998654,4,low,api,0.2862444,8,1,0
10,44,0.641393249,0.544801978,0,medium,api,0.257704832,19,1,1
142,330,0.770131292,0.082804275,2,high,api,0.820326195,15,0,0
51,375,0.141552109,0.827719748,2,medium,api,0.277983229,17,0,0
118,446,0.834125433,0.631957465,6,high,rdp,0.657622594,18,0,1
121,378,0.008146248,0.556967534,2,medium,smb,0.821503144,6,0,0
39,390,0.213057351,0.133469004,4,high,rdp,0.792476848,7,0,0
28,145,0.616092321,0.287457114,3,medium,smb,0.781950737,18,1,1
3,51,0.375246409,0.492875897,3,low,rdp,0.08863757,0,0,0
84,242,0.984193392,0.633283514,6,low,ssh,0.079846968,12,0,1
198,294,0.030339247,0.183230719,0,medium,api,0.306770036,0,0,0
155,408,0.998598168,0.008866278,6,low,smb,0.035947881,10,0,0
117,51,0.623627833,0.344760187,7,low,rdp,0.500429737,1,0,0
2,266,0.558706995,0.482871455,2,high,smb,0.394782066,2,0,0
93,120,0.059512443,0.184433506,2,low,api,0.557025913,12,0,0
166,200,0.273328877,0.492165506,3,high,ssh,0.298788539,6,1,0
131,405,0.924662688,0.338485859,5,medium,api,0.485754003,1,1,1
144,248,0.354246003,0.455089666,6,low,rdp,0.334744766,1,0,0
94,70,0.6616532,0.347457751,0,medium,rdp,0.195208092,2,0,0
40,341,0.99949635,0.62846785,3,medium,smb,0.649366681,12,0,1
2,57,0.263069714,0.042897011,6,low,ssh,0.673435901,11,0,0
81,382,0.576080879,0.17090529,1,medium,ssh,0.829231693,0,0,0
169,39,0.696437793,0.432750869,0,medium,rdp,0.874751783,17,0,0
12,472,0.164627247,0.356296716,0,low,smb,0.704461904,4,0,0
163,289,0.148672564,0.391631956,9,low,api,0.687498087,18,0,0
65,443,0.456307912,0.803760695,5,low,api,0.056675665,9,0,0
55,18,0.385812522,0.886331658,4,low,rdp,0.109779241,5,0,0
45,440,0.714215437,0.248668783,0,low,rdp,0.81256271,17,0,0
101,220,0.069508771,0.83639106,9,medium,api,0.232951262,14,0,0
62,313,0.972166624,0.458789865,2,low,api,0.35556506,13,0,0
49,244,0.014276982,0.273820619,6,high,api,0.145297354,15,0,0
127,352,0.601316824,0.985456071,8,low,smb,0.195151969,3,0,1
153,460,0.562632596,0.824801791,8,low,ssh,0.775417235,18,0,1
23,304,0.134715731,0.994253319,5,medium,rdp,0.26185962,7,0,0
152,298,0.150915983,0.168190784,2,high,rdp,0.449034966,0,0,0
38,283,0.792677488,0.143842674,0,low,smb,0.151671373,19,0,0
28,74,0.887562458,0.503377953,2,low,api,0.677929906,12,0,1
21,110,0.283016966,0.63864376,9,high,smb,0.728269734,8,1,1
182,180,0.437963964,0.171060093,1,low,api,0.361692318,0,0,0
107,426,0.354995041,0.860430668,4,low,rdp,0.784746646,14,0,1
146,32,0.072547013,0.532013479,7,low,ssh,0.239906652,14,1,0
164,234,0.673204246,0.410941833,4,medium,smb,0.691903862,13,0,0
99,282,0.825192935,0.602053673,0,low,api,0.729964581,4,1,1
173,25,0.304879357,0.634953713,2,medium,rdp,0.968657378,16,0,0
119,331,0.990175794,0.042783281,4,medium,ssh,0.232321665,5,0,0
73,279,0.075851557,0.999892667,6,high,smb,0.09371048,8,1,0
181,226,0.661790714,0.363919577,4,low,smb,0.263035422,19,0,0
122,57,0.448228015,0.061542647,9,low,rdp,0.122862197,18,0,0
30,180,0.446601901,0.852323175,4,low,smb,0.169694308,16,0,0
188,232,0.457645616,0.993018679,6,low,rdp,0.334114512,6,0,1
108,382,0.258681774,0.816358509,7,medium,smb,0.413990747,7,0,0
98,343,0.715562827,0.85188249,7,medium,ssh,0.903724226,14,0,1
32,477,0.721576526,0.625935114,6,medium,ssh,0.195615772,5,0,0
195,287,0.28239711,0.922325578,2,medium,smb,0.971758976,0,0,0
195,64,0.835306461,0.035738552,1,high,rdp,0.81015321,8,0,0
156,455,0.316844944,0.766723863,0,low,api,0.88147139,6,1,0
172,232,0.725093124,0.670710228,5,high,smb,0.92944399,19,1,1
79,289,0.120999768,0.049584971,8,low,api,0.753241197,18,0,0
41,213,0.168701643,0.543973579,2,medium,rdp,0.788779832,3,0,0
63,258,0.315795645,0.515060346,4,low,api,0.437818297,0,0,0
23,18,0.593873768,0.691534225,8,medium,smb,0.510450235,8,1,1
104,175,0.645511485,0.077531412,8,low,ssh,0.932485427,1,0,0
75,417,0.396356172,0.805278785,6,medium,rdp,0.378255912,15,0,0
48,229,0.077839153,0.139403442,3,high,ssh,0.041947073,1,0,0
160,226,0.373634652,0.418664613,1,medium,ssh,0.762754385,2,0,0
57,84,0.688767516,0.881288008,1,medium,ssh,0.573157512,13,0,1
118,291,0.670995461,0.560531605,3,low,smb,0.814875962,12,0,0
100,435,0.160196413,0.379590914,0,low,rdp,0.075551267,16,0,0
124,370,0.00778397,0.048202242,3,high,api,0.62123199,9,0,0
161,246,0.752981617,0.672273517,5,medium,ssh,0.247705888,2,0,0
152,402,0.106368166,0.986546765,5,medium,api,0.903268594,3,0,0
167,110,0.082349144,0.911796399,6,low,rdp,0.10990994,4,0,0
34,254,0.002701217,0.717296078,4,low,rdp,0.843069273,10,0,0
184,88,0.432601326,0.105292858,8,low,api,0.088554252,5,0,0
156,72,0.503263901,0.239440093,1,low,api,0.025097355,0,0,0
165,381,0.637664046,0.186849019,1,low,ssh,0.23505943,18,0,0
7,30,0.296063841,0.35546164,3,low,api,0.333044541,6,0,0
196,172,0.710424716,0.235517228,3,low,api,0.626528772,9,0,0
165,309,0.169331857,0.244439446,3,medium,smb,0.131724597,11,0,0
56,394,0.831990053,0.616729935,0,low,ssh,0.437329934,11,0,0
65,343,0.571848329,0.318702656,3,medium,ssh,0.204263602,0,0,0
193,436,0.583889823,0.677162876,4,high,rdp,0.855303322,8,0,0
47,177,0.209775414,0.947889659,8,low,api,0.044966508,16,0,0
148,139,0.074108749,0.638477917,2,high,smb,0.355937727,11,0,0
19,194,0.464724803,0.751656677,2,high,rdp,0.63137408,1,0,0
157,186,0.615611952,0.751580415,4,low,smb,0.913088178,8,0,1
188,218,0.095046459,0.330702788,9,low,ssh,0.867993423,11,0,0
146,164,0.950534475,0.014957995,5,low,api,0.895192,3,0,0
163,161,0.98041436,0.055047963,2,medium,smb,0.062853294,11,1,0
171,431,0.545456695,0.282060251,0,low,rdp,0.840923261,17,0,0
126,13,0.950069155,0.689543184,9,low,ssh,0.779912579,2,0,1
139,296,0.179445238,0.906683139,7,medium,smb,0.902431649,0,0,0
49,89,0.025420685,0.958798262,0,low,smb,0.311576267,17,0,0
113,324,0.039409535,0.025848664,1,high,rdp,0.911765106,7,0,0
38,42,0.587512479,0.990087246,2,low,smb,0.402641085,18,0,1
64,403,0.061641883,0.322497218,5,high,ssh,0.634099686,3,0,0
69,210,0.958545607,0.842956228,3,low,smb,0.424178991,15,0,1
136,229,0.141933211,0.180295461,3,low,api,0.427648431,16,0,0
162,350,0.304722806,0.062898258,8,low,api,0.546637019,8,0,0
176,275,0.822517802,0.378355424,5,high,rdp,0.35592671,7,0,0
116,442,0.218740323,0.858925389,1,low,api,0.792736994,19,0,0
184,279,0.242968458,0.220824916,6,medium,api,0.633638735,18,0,0
65,251,0.642308956,0.153957326,2,high,smb,0.689755762,6,0,0
31,310,0.276086088,0.909804329,8,medium,ssh,0.2310348,11,1,1
132,208,0.217447634,0.938337203,5,low,ssh,0.969575288,0,0,0
113,321,0.254177714,0.012548199,7,high,smb,0.660176098,16,0,0
109,140,0.490647499,0.727435737,0,high,api,0.197195865,5,0,0
178,280,0.966099873,0.309207737,1,low,smb,0.750490243,4,1,1
69,34,0.832237942,0.37470437,5,medium,api,0.173714103,19,0,0
158,309,0.284610265,0.469102975,2,high,api,0.063384896,6,0,0
120,392,0.363373208,0.42679097,0,high,api,0.527553396,11,0,0
88,18,0.464512251,0.514973785,5,low,ssh,0.553523954,4,0,0
187,57,0.978929647,0.582361716,4,medium,rdp,0.188965575,1,0,0
67,112,0.172390468,0.465595505,8,low,ssh,0.348378944,3,0,0
75,5,0.357483103,0.70156354,5,low,api,0.945769296,16,0,0
45,410,0.729426094,0.718601663,4,low,smb,0.285003232,7,0,0
4,414,0.963943734,0.440359197,0,low,smb,0.155568061,19,0,0
154,182,0.155675213,0.142463148,0,medium,api,0.992561959,4,0,0
155,13,0.227379954,0.640638921,0,low,rdp,0.302305536,16,0,0
174,339,0.225694674,0.772956712,6,low,ssh,0.680253673,19,0,0
107,285,0.020932029,0.638109521,5,low,ssh,0.231560181,3,0,0
192,259,0.604115625,0.588054766,4,low,api,0.550121197,17,0,0
51,90,0.670703074,0.229411991,3,high,api,0.386281987,17,0,0
50,104,0.60252589,0.645137041,7,high,rdp,0.961579261,17,0,1
6,379,0.071322989,0.334856215,7,low,ssh,0.432805875,15,0,0
59,186,0.069230126,0.919558863,4,high,rdp,0.584174184,10,0,0
125,250,0.210386554,0.653720093,3,low,ssh,0.944766266,7,1,0
143,255,0.290294516,0.278179677,1,medium,rdp,0.9892343,11,1,0
30,76,0.786543656,0.472926909,6,high,rdp,0.101658364,17,0,0
170,386,0.159390266,0.846581276,4,low,rdp,0.834320712,17,0,0
122,459,0.044092216,0.335463951,2,medium,smb,0.382116494,7,0,0
125,108,0.393987508,0.52544057,8,low,smb,0.594828706,15,0,0
37,156,0.41639217,0.679669973,8,low,smb,0.375048079,16,0,0
170,82,0.450907338,0.754529339,9,medium,ssh,0.401116206,1,0,0
124,77,0.826903544,0.173892175,7,high,rdp,0.158857536,14,1,1
101,485,0.098005415,0.565152305,0,low,api,0.572766458,6,1,0
35,470,0.703942082,0.9121999,2,high,api,0.546715946,0,1,1
87,460,0.337945571,0.968359782,1,high,ssh,0.189355789,1,0,0
134,258,0.309980136,0.656145043,3,low,ssh,0.541730429,3,1,0
196,127,0.932543126,0.983660804,1,low,api,0.973101883,15,0,1
18,485,0.248468524,0.570735249,7,medium,rdp,0.714408596,11,1,0
113,391,0.642531835,0.44260503,0,low,smb,0.48098256,16,0,0
29,282,0.275127757,0.551587459,3,low,ssh,0.916083986,3,0,0
77,474,0.507143883,0.115712394,4,high,ssh,0.575314357,15,0,0
59,88,0.786292893,0.40171592,9,medium,ssh,0.135047999,6,0,0
175,204,0.881722524,0.458405053,3,low,api,0.547509648,7,0,0
126,16,0.83869724,0.848627799,7,medium,smb,0.180973115,8,1,1
145,151,0.582180736,0.758648593,1,low,rdp,0.767504839,13,0,1
109,424,0.248816315,0.601426585,8,low,rdp,0.967174214,8,0,0
22,254,0.661233383,0.347277235,1,high,api,0.360818585,14,0,0
68,188,0.709905046,0.187034586,1,high,ssh,0.43491788,3,0,0
69,329,0.01069199,0.347765021,1,low,api,0.421496467,2,0,0
165,32,0.439210511,0.679804071,9,low,api,0.285299976,9,0,0
49,271,0.843262043,0.263037799,7,medium,rdp,0.794179965,3,0,0
141,485,0.489587596,0.426886696,2,low,smb,0.617728333,17,1,0
162,397,0.311375442,0.386770235,9,low,rdp,0.064051557,10,1,0
109,5,0.871797771,0.765590064,9,low,api,0.838806335,18,0,1
86,459,0.155880698,0.883787062,7,medium,api,0.187088231,18,1,1
53,330,0.206445232,0.699370957,6,low,ssh,0.979151162,17,0,0
123,308,0.687372367,0.341602261,9,low,ssh,0.376663139,12,0,0
87,333,0.352435942,0.433177049,3,low,api,0.616449647,3,0,0
179,169,0.713016836,0.143350154,6,low,rdp,0.077823619,2,0,0
131,181,0.157703621,0.168097448,7,low,ssh,0.344663275,15,0,0
42,366,0.25226909,0.164292568,5,low,smb,0.802353957,13,1,0
98,178,0.156647378,0.130586358,5,low,smb,0.477208492,9,0,0
160,143,0.952910314,0.179581229,2,high,api,0.904603484,5,0,0
109,362,0.405403961,0.202688203,4,low,smb,0.575138441,7,1,0
51,248,0.33721991,0.111845944,9,low,smb,0.928572195,15,0,0
85,127,0.014202156,0.640260722,1,high,ssh,0.982609907,9,0,0
174,263,0.153417579,0.990401535,4,medium,ssh,0.45389456,6,1,1
127,40,0.421135856,0.879186745,4,medium,rdp,0.565156573,18,1,1
21,412,0.068502793,0.045602724,6,low,ssh,0.834920643,17,1,0
44,416,0.51073933,0.423058809,3,low,rdp,0.221533006,12,0,0
139,355,0.455015438,0.859310579,5,medium,ssh,0.861629574,7,0,1
103,255,0.76716814,0.134674818,8,medium,api,0.59192014,13,0,0
68,143,0.659802701,0.847645147,3,low,rdp,0.725500135,8,0,1
129,240,0.445947305,0.592700638,5,low,api,0.079854023,11,0,0
92,228,0.2246607,0.931298553,8,high,rdp,0.766187683,5,1,1
191,341,0.726863566,0.876039114,9,low,smb,0.310786905,19,1,1
24,198,0.707862103,0.677034322,0,low,rdp,0.805232277,11,0,1
125,65,0.153296161,0.65782266,7,low,rdp,0.509152538,18,0,0
141,388,0.914751831,0.213164202,0,medium,rdp,0.274614335,11,0,0
111,11,0.064405116,0.116752967,3,medium,rdp,0.952759697,6,0,0
98,108,0.055037709,0.41539343,2,medium,rdp,0.765062398,14,0,0
139,26,0.187350418,0.186580039,3,low,smb,0.985686074,15,0,0
179,445,0.909460798,0.102416718,6,low,rdp,0.364469898,3,0,0
17,421,0.519998124,0.302326733,8,low,api,0.649219634,5,0,0
99,151,0.787940921,0.860489943,8,medium,rdp,0.611588678,15,0,1
82,221,0.227843188,0.017148154,9,medium,rdp,0.687556741,14,0,0
104,341,0.490221975,0.292637682,0,high,api,0.038316566,1,0,0
152,496,0.358289464,0.424052185,9,low,ssh,0.291719324,2,0,0
19,237,0.827828607,0.51056975,0,medium,ssh,0.909337574,14,0,1
165,237,0.022604439,0.181577508,8,low,smb,0.423820055,7,0,0
85,497,0.24384273,0.9642202,3,low,rdp,0.960643679,11,0,0
8,219,0.152574224,0.578873044,2,low,rdp,0.213503173,1,0,0
28,487,0.859189039,0.522110547,8,low,ssh,0.997423973,14,0,1
5,424,0.46754385,0.008822589,4,high,rdp,0.697580909,7,1,0
145,461,0.404220044,0.485715379,5,low,smb,0.776393424,10,0,0
101,151,0.449482762,0.837670629,0,high,api,0.396861172,16,0,0
164,123,0.971924551,0.219644543,0,low,rdp,0.907008121,0,0,0
118,144,0.850267394,0.351207568,6,low,api,0.545462901,19,0,1
147,478,0.706368772,0.020571465,9,low,smb,0.68093838,14,0,0
64,189,0.290478959,0.976927514,7,low,ssh,0.094808271,1,1,1
91,255,0.165173,0.066651797,7,low,smb,0.631680701,9,0,0
117,68,0.921433629,0.898221124,6,low,smb,0.879078988,19,1,1
98,104,0.423075523,0.312987714,8,low,smb,0.178283228,5,0,0
11,336,0.278755799,0.587556402,0,high,smb,0.737725935,2,0,0
54,159,0.470920826,0.67931554,1,medium,api,0.025400759,12,0,0
173,309,0.917847423,0.140829167,2,medium,smb,0.926203017,14,1,1
47,362,0.387067313,0.443759378,4,low,smb,0.982917116,5,0,0
140,409,0.562640997,0.3254661,3,low,smb,0.354180067,8,0,0
149,300,0.802966301,0.056602466,3,low,smb,0.10707385,9,0,0
139,396,0.427132531,0.833193654,7,high,api,0.658576368,8,0,1
5,90,0.233541802,0.045167756,7,low,smb,0.029834514,17,0,0
184,357,0.994525748,0.653257959,6,low,ssh,0.482486281,8,1,1
20,256,0.956570857,0.314077376,0,medium,smb,0.271779175,17,0,0
169,496,0.843479169,0.192129327,9,low,smb,0.473339054,8,0,0
46,353,0.688373879,0.667086051,3,medium,rdp,0.018275515,4,0,0
12,220,0.294865628,0.574537715,0,low,rdp,0.051612183,12,0,0
70,9,0.913412938,0.315256257,4,low,rdp,0.015975829,11,0,0
17,12,0.27555667,0.512960748,2,medium,smb,0.61913187,8,0,0
115,325,0.800809495,0.246237101,2,low,ssh,0.560092918,18,0,0
147,438,0.918258168,0.863696459,3,low,ssh,0.233157999,19,0,1
154,244,0.60300384,0.31381878,1,low,rdp,0.646643129,0,0,0
48,182,0.803056218,0.24515303,6,medium,rdp,0.884207257,10,1,1
108,284,0.791695099,0.751833711,3,high,smb,0.277322101,4,1,1
52,312,0.193157751,0.017592488,4,medium,ssh,0.831993808,6,0,0
96,99,0.667924474,0.268011732,1,high,ssh,0.662509136,12,0,0
70,197,0.093467937,0.375395221,5,low,rdp,0.033820443,5,0,0
183,482,0.507850143,0.882237962,8,low,ssh,0.375149896,12,0,1
102,366,0.162235548,0.950441803,7,low,rdp,0.507757216,5,0,0
75,226,0.416349499,0.716477967,7,medium,rdp,0.73169919,14,0,1
161,333,0.832982075,0.492531781,1,low,api,0.287130558,7,0,0
190,103,0.98716784,0.640621549,3,medium,api,0.982730105,10,1,1
151,106,0.317959832,0.414001052,7,medium,smb,0.684539741,9,0,0
143,365,0.531955699,0.298825832,0,high,rdp,0.372813677,8,0,0
155,368,0.511298024,0.950688068,7,low,smb,0.097025039,3,1,1
192,58,0.95440151,0.115390229,2,low,api,0.18136776,13,1,0
179,78,0.478583732,0.346393568,7,low,ssh,0.48760776,3,0,0
181,75,0.699106205,0.89908896,5,low,api,0.494695355,14,0,1
82,42,0.921789233,0.723141431,6,high,api,0.767718765,9,0,1
92,422,0.37337856,0.029101451,1,low,api,0.726176626,13,0,0
179,324,0.902122238,0.023099673,0,high,ssh,0.201273039,5,0,0
175,181,0.917456222,0.516512463,5,high,api,0.594956621,15,0,1
4,33,0.930662504,0.484253056,2,medium,rdp,0.020621801,11,1,1
135,71,0.270446185,0.442991539,3,low,rdp,0.398547399,3,0,0
109,56,0.400355594,0.302343762,8,low,api,0.764105241,0,0,0
163,105,0.870395908,0.98663872,2,low,smb,0.399508593,3,0,1
48,200,0.359161824,0.271987323,1,low,smb,0.83559624,12,0,0
73,101,0.600253033,0.490040206,1,low,ssh,0.97615529,6,0,0
72,256,0.118054507,0.404893097,1,low,ssh,0.607212603,14,0,0
116,307,0.056274988,0.170249426,5,medium,rdp,0.145004076,5,1,0
173,74,0.411993989,0.202618819,1,low,rdp,0.379677208,13,1,0
81,171,0.578916533,0.918302742,6,low,api,0.009483355,17,0,1
81,377,0.392699113,0.858279723,6,low,smb,0.602725924,3,1,1
113,143,0.57773577,0.199044306,6,high,rdp,0.821568501,0,0,0
96,166,0.515084376,0.875662624,1,medium,smb,0.629940079,2,0,0
72,399,0.685707229,0.20918613,6,low,ssh,0.786086229,12,0,0
147,261,0.649532431,0.626546322,9,medium,ssh,0.799903927,17,0,1
63,221,0.424245703,0.081280523,7,medium,api,0.851012576,3,1,0
38,83,0.42499524,0.880369626,7,high,api,0.266663783,3,0,0
67,182,0.14077834,0.051500299,1,low,rdp,0.871268523,10,0,0
187,307,0.513238572,0.554942889,4,high,smb,0.654093998,13,0,0
69,10,0.587179128,0.779711525,5,low,rdp,0.289725557,6,0,0
13,396,0.476489397,0.116834736,8,high,rdp,0.987294715,2,0,0
175,4,0.325707335,0.404480268,5,low,smb,0.950182394,6,0,0
189,351,0.721648544,0.041950151,9,high,rdp,0.574440983,7,0,0
31,402,0.074661645,0.682752577,5,high,api,0.843208378,11,1,0
114,336,0.91444037,0.307449595,9,low,smb,0.261494489,6,1,1
22,488,0.02064344,0.559395245,9,high,smb,0.416036997,15,0,0
93,292,0.962350133,0.93273227,5,low,rdp,0.183971761,16,0,1
171,281,0.462355601,0.305858108,8,low,smb,0.520102643,3,1,0
67,215,0.412669944,0.048627472,9,low,api,0.49600143,16,0,0
54,460,0.256444017,0.675627768,6,high,api,0.212813226,17,0,0
138,98,0.010071135,0.786841135,0,low,ssh,0.672801694,3,0,0
42,420,0.274790264,0.95786856,0,medium,ssh,0.117790296,16,0,0
64,101,0.109399925,0.157800877,3,medium,ssh,0.061691451,14,0,0
126,451,0.659820843,0.392139925,1,high,ssh,0.384904969,16,1,0
21,9,0.319074972,0.84414046,2,medium,rdp,0.409824778,12,0,0
194,61,0.767179328,0.806871393,6,low,ssh,0.319740607,2,0,1
169,309,0.206916187,0.624795707,6,low,ssh,0.257946638,11,0,0
152,146,0.900234857,0.269368545,2,low,ssh,0.338776345,16,0,0
35,427,0.522981515,0.284035291,1,medium,ssh,0.163375574,6,0,0
184,419,0.114506196,0.124002995,0,low,rdp,0.403452469,6,0,0
30,63,0.400845236,0.921853674,8,low,ssh,0.904603374,10,0,1
57,121,0.206760524,0.172931515,9,high,smb,0.224426881,15,0,0
47,226,0.199685426,0.572886601,2,low,api,0.684451104,3,0,0
163,105,0.506369738,0.584351417,8,medium,smb,0.14178451,15,1,1
19,462,0.671892016,0.369605441,3,low,rdp,0.353906624,4,0,0
114,260,0.911618206,0.352518461,9,low,rdp,0.321174781,18,0,1
8,349,0.502162011,0.668588419,5,low,rdp,0.937029394,13,0,1
26,425,0.965838775,0.388297778,6,low,api,0.427982056,6,0,0
113,255,0.941634852,0.255115393,9,high,ssh,0.690465944,8,0,1
71,429,0.86506253,0.399131702,5,low,rdp,0.602462809,12,0,0
30,434,0.499977265,0.807662078,0,low,ssh,0.141030075,15,0,0
135,207,0.140903944,0.966478455,5,medium,rdp,0.939540451,3,1,1
67,28,0.21790447,0.63595023,5,medium,api,0.345869292,6,0,0
65,170,0.647670003,0.782101225,4,medium,smb,0.044758356,2,0,0
36,336,0.42175498,0.532824861,2,high,smb,0.300443707,19,0,0
25,76,0.146801632,0.624823142,9,medium,api,0.335633726,14,0,0
37,116,0.478993934,0.988086657,2,low,ssh,0.092745327,13,0,0
1,69,0.017430546,0.438418865,9,medium,rdp,0.619977406,6,1,0
143,354,0.733895371,0.066254697,6,low,smb,0.346764206,17,0,0
37,234,0.073581294,0.957006918,7,low,api,0.629134606,4,0,0
141,1,0.62911362,0.793061721,2,low,ssh,0.006740564,19,0,0
136,167,0.793010308,0.398310368,2,low,smb,0.982048399,7,0,0
133,352,0.132643874,0.982395054,6,low,api,0.170516359,19,0,0
188,218,0.518638691,0.34553575,9,low,rdp,0.659330987,17,0,0
128,273,0.779067514,0.372120196,6,low,api,0.715784303,18,0,1
127,368,0.260633455,0.609731353,8,high,ssh,0.17160835,19,0,0
1,251,0.162916593,0.274347386,5,high,smb,0.111712282,2,0,0
164,347,0.336819111,0.698571485,6,medium,rdp,0.152577192,5,0,0
35,344,0.554699177,0.152850304,9,medium,ssh,0.246818256,17,0,0
194,419,0.575279595,0.108025319,0,low,api,0.168232118,14,0,0
191,174,0.130876333,0.534878008,6,high,smb,0.673999427,13,0,0
104,170,0.457568848,0.555493682,1,low,smb,0.420833204,7,1,0
23,246,0.268282196,0.10665507,6,low,ssh,0.537791595,10,0,0
9,423,0.842024218,0.964176261,2,low,rdp,0.047336789,10,0,1
34,90,0.313575132,0.573286658,8,low,ssh,0.861248963,11,0,0
174,49,0.838704525,0.151034992,4,low,smb,0.170571553,15,0,0
128,446,0.428564613,0.311442524,6,low,smb,0.360152331,6,0,0
4,294,0.726585766,0.800234214,7,low,smb,0.07190164,2,0,0
158,407,0.510060229,0.523231528,1,low,rdp,0.136793135,1,0,0
102,150,0.621962624,0.188148349,0,low,smb,0.66579941,2,0,0
75,132,0.395356511,0.102848972,6,high,smb,0.692587002,7,0,0
99,433,0.768206768,0.430774412,5,low,ssh,0.676965485,19,0,1
72,59,0.425189384,0.337414709,5,low,smb,0.552136788,7,0,0
3,457,0.457461647,0.655917352,1,medium,api,0.952521664,3,0,0
142,324,0.517678668,0.925246987,2,high,ssh,0.507177161,12,0,1
188,199,0.831824118,0.247730286,3,low,smb,0.449412029,16,0,0
173,215,0.659378929,0.855233933,2,high,ssh,0.247545566,17,0,1
34,386,0.349160387,0.920461978,1,low,ssh,0.098849529,4,0,0
45,49,0.670319634,0.902002599,2,low,api,0.54815493,11,0,1
61,472,0.642426573,0.95207733,5,low,ssh,0.314890187,1,0,1
83,232,0.931019276,0.842108622,8,medium,ssh,0.524025383,9,0,1
123,247,0.841416436,0.593486005,3,low,rdp,0.206119078,6,1,1
102,382,0.647446924,0.409846099,5,medium,smb,0.838172672,14,1,1
16,479,0.341507111,0.491687786,0,low,rdp,0.99969721,6,0,0
66,239,0.779576449,0.872612175,5,medium,smb,0.32240351,14,1,1
168,415,0.575208293,0.301398377,2,low,ssh,0.842327607,15,0,0
145,367,0.985269988,0.159261694,8,low,smb,0.872986136,0,0,0
119,168,0.247506129,0.140819218,3,medium,ssh,0.996073789,14,0,0
162,48,0.079655841,0.82699461,6,medium,smb,0.34272013,2,0,0
124,51,0.069891812,0.761485686,3,low,ssh,0.756041394,9,0,0
144,299,0.640030388,0.497645341,5,medium,smb,0.228809004,15,0,0
102,98,0.939260229,0.274871428,6,medium,smb,0.624796001,1,0,0
188,439,0.001931914,0.677613176,1,low,smb,0.704842569,16,0,0
66,216,0.725771047,0.038433097,9,high,ssh,0.741120693,0,0,0
194,177,0.657065183,0.568227816,5,medium,smb,0.207172169,3,0,0
13,380,0.732304192,0.398425169,7,low,ssh,0.84872557,10,0,0
184,474,0.355405407,0.977859634,5,low,rdp,0.42097186,16,0,1
111,80,0.820496445,0.507560249,1,low,smb,0.216369518,1,0,0
159,185,0.044706931,0.552267752,3,low,api,0.542531088,0,0,0
34,367,0.755431101,0.712362663,0,low,api,0.86335713,5,1,1
39,461,0.267071941,0.484538481,6,low,ssh,0.96708791,10,0,0
195,399,0.476837775,0.224568619,7,medium,api,0.748207822,3,0,0
136,27,0.822636272,0.537277847,9,low,ssh,0.005622886,10,0,0
120,452,0.271359035,0.944268871,1,medium,ssh,0.13470076,4,0,0
126,464,0.185207512,0.409910988,9,low,api,0.076273986,9,0,0
55,448,0.681313185,0.679640955,4,low,api,0.101213743,4,0,0
27,478,0.533394892,0.978034189,7,medium,rdp,0.383034956,2,0,1
118,492,0.514403869,0.829922313,7,medium,ssh,0.338493315,5,0,0
53,414,0.256769516,0.659034133,4,low,api,0.113684981,12,1,0
39,420,0.034880306,0.735996488,7,low,rdp,0.882235352,15,0,0
65,195,0.410269138,0.936483248,5,low,rdp,0.615427576,6,0,0
145,214,0.10655948,0.959752104,4,medium,ssh,0.796463309,17,0,0
158,369,0.905989151,0.96896813,3,low,smb,0.371549389,2,0,1
181,342,0.041250323,0.625641628,4,medium,api,0.410236016,5,0,0
13,114,0.431650854,0.38471165,3,medium,api,0.317621211,9,0,0
21,242,0.052245584,0.133153129,0,low,api,0.438426612,15,1,0
147,124,0.095543875,0.385548001,2,low,api,0.610377262,12,0,0
53,305,0.658866667,0.942955455,7,low,api,0.492984008,8,1,1
19,76,0.647111261,0.889797081,6,low,api,0.837917006,15,1,1
57,311,0.033052195,0.523659662,6,low,rdp,0.900139169,10,0,0
25,469,0.001131475,0.537007287,2,low,ssh,0.469683853,8,1,0
31,312,0.078818077,0.30892035,8,medium,rdp,0.23974798,9,0,0
81,196,0.762998898,0.45450789,5,low,api,0.945192419,10,0,1
183,351,0.584576473,0.714448494,7,high,ssh,0.735038643,14,0,1
23,44,0.038118245,0.402430726,7,low,api,0.640127086,12,0,0
32,415,0.488097016,0.187983872,2,low,ssh,0.745413734,16,0,0
190,186,0.712029357,0.540859579,3,medium,rdp,0.075981782,3,0,0
74,343,0.868951395,0.225336911,5,medium,ssh,0.067626328,10,0,0
10,246,0.934036491,0.974287556,1,low,rdp,0.153120653,0,0,1
54,437,0.327440563,0.390339914,6,medium,api,0.147450967,0,0,0
52,84,0.135832428,0.909664972,1,high,ssh,0.420670475,2,0,0
148,207,0.236925921,0.225553997,4,medium,smb,0.157404082,14,0,0
160,151,0.776171492,0.189209005,3,low,smb,0.854525644,0,0,0
114,156,0.971484215,0.616901129,8,medium,rdp,0.578096931,15,0,1
14,16,0.466393617,0.779379078,1,medium,rdp,0.368261896,16,1,1
178,165,0.305353214,0.566764564,6,medium,rdp,0.069622538,8,0,0
156,405,0.429190582,0.229795684,6,medium,rdp,0.591027796,4,1,0
110,463,0.304813145,0.037894363,6,high,api,0.116532821,5,0,0
53,145,0.256487523,0.618288821,0,low,smb,0.74322025,14,0,0
152,498,0.593750752,0.131037225,7,low,rdp,0.802758097,8,0,0
79,37,0.01573598,0.343176387,1,low,ssh,0.543976258,2,1,0
22,333,0.259552249,0.675784754,4,low,ssh,0.149602859,18,0,0
30,403,0.661382078,0.098023441,1,low,api,0.786862724,12,0,0
191,414,0.032062696,0.12725148,4,medium,rdp,0.307827789,12,0,0
4,45,0.083201817,0.061666207,6,low,ssh,0.222653143,2,0,0
59,402,0.293396145,0.996079129,5,medium,rdp,0.470556641,19,0,1
8,206,0.877804799,0.387076769,4,medium,ssh,0.922646241,13,0,1
12,62,0.76488616,0.905795168,3,low,api,0.297373292,1,0,1
119,420,0.022156629,0.293585638,7,high,ssh,0.905578501,9,0,0
159,356,0.501712817,0.753202565,7,low,rdp,0.053653309,8,0,0
34,468,0.274687494,0.219066616,0,medium,rdp,0.083523705,12,0,0
82,308,0.648645659,0.49832471,9,medium,api,0.698561025,10,0,1
98,19,0.721553883,0.824615739,1,low,smb,0.190592661,1,0,0
127,365,0.862862577,0.816334399,2,low,rdp,0.316620683,15,0,1
75,300,0.475416237,0.794280717,0,low,smb,0.136372981,4,1,0
105,7,0.994450089,0.823734413,2,medium,rdp,0.332248269,0,1,1
49,249,0.979986107,0.211472281,9,medium,api,0.280459994,7,0,0
79,428,0.882166724,0.482216273,7,low,ssh,0.736337639,15,0,1
185,117,0.574869495,0.484871475,3,medium,smb,0.702023388,13,0,0
93,68,0.398006438,0.890502487,6,low,ssh,0.954927176,1,0,0
154,34,0.36438631,0.296891829,6,low,api,0.724421685,17,0,0
18,194,0.01212475,0.931495893,4,high,api,0.694817753,6,0,0
96,325,0.249174497,0.450795736,0,low,api,0.694203889,11,0,0
38,55,0.718808235,0.669787003,9,high,rdp,0.882967456,14,1,1
87,266,0.6036321,0.268883112,3,medium,rdp,0.296236733,1,0,0
88,480,0.916422189,0.410298107,6,high,rdp,0.300092109,16,0,1
50,42,0.050022267,0.709800932,4,low,rdp,0.74121381,10,0,0
8,297,0.155276603,0.512747142,1,low,smb,0.228705137,1,0,0
169,461,0.789243789,0.930708012,7,low,api,0.912020004,18,0,1
134,231,0.358507631,0.737124966,1,medium,smb,0.534781725,4,0,0
69,453,0.118345334,0.564402926,7,medium,rdp,0.300124928,16,0,0
172,378,0.996450505,0.886669757,1,low,ssh,0.77609993,15,0,1
121,394,0.787250303,0.665556389,4,medium,smb,0.31232063,12,0,1
64,10,0.408741037,0.647320473,3,low,ssh,0.963278317,12,0,0
157,358,0.823347477,0.246371333,0,low,rdp,0.98298921,12,0,0
156,475,0.68060387,0.394856966,7,low,smb,0.666796242,4,0,0
139,444,0.78997476,0.683303653,9,low,smb,0.11363389,4,0,1
121,128,0.815206378,0.891791711,2,low,smb,0.26320885,19,0,1
65,179,0.084728683,0.315547474,3,low,ssh,0.515416962,18,0,0
107,405,0.622972888,0.215485622,3,high,rdp,0.85144745,6,0,0
147,392,0.006785553,0.593695979,4,medium,api,0.184886497,10,0,0
137,193,0.043456246,0.067197098,2,low,api,0.104403459,0,0,0
155,92,0.903980009,0.714541701,8,medium,rdp,0.074477483,6,1,1
162,369,0.527563721,0.703138543,3,medium,smb,0.506967562,2,0,0
172,231,0.735901986,0.354966031,9,low,api,0.88470097,12,0,1
196,78,0.83850099,0.892677653,3,medium,smb,0.042359243,2,0,1
100,85,0.949586768,0.502181142,5,medium,rdp,0.212321534,5,0,0
82,30,0.869352848,0.645764951,7,medium,ssh,0.693257016,14,0,1
143,213,0.483311449,0.209578482,6,medium,smb,0.825863435,3,0,0
51,49,0.335970307,0.417340335,3,medium,ssh,0.807399529,4,0,0
141,265,0.154493236,0.86241754,3,low,ssh,0.785068057,2,0,0
83,145,0.400321482,0.212939548,4,high,rdp,0.129799801,18,0,0
177,69,0.366493579,0.390574378,9,low,rdp,0.397237582,15,1,0
198,58,0.559574842,0.318076544,4,high,ssh,0.984744663,16,0,0
112,185,0.665509409,0.151110185,0,low,ssh,0.988887572,8,1,0
56,62,0.978325476,0.289717918,7,low,api,0.602427392,8,0,1
179,479,0.728386186,0.232772284,9,medium,api,0.709267205,13,0,0
165,308,0.643748532,0.92359363,4,low,rdp,0.951283796,10,0,1
145,445,0.335092434,0.741078805,2,medium,smb,0.449927861,9,0,0
186,296,0.034503876,0.316101582,2,low,ssh,0.136866858,4,1,0
157,166,0.288125129,0.763339053,3,medium,smb,0.668948876,3,0,0
161,171,0.7684479,0.022139953,6,low,ssh,0.960102305,10,0,0
60,63,0.205271941,0.526524711,4,low,rdp,0.697206094,5,1,0
120,147,0.712188194,0.250334564,0,low,smb,0.803321127,1,0,0
183,484,0.579779843,0.114322072,4,medium,rdp,0.422748804,2,0,0
138,306,0.17185687,0.883758528,4,medium,ssh,0.096463154,17,0,0
175,161,0.261624806,0.199340534,5,medium,rdp,0.168882087,17,0,0
23,141,0.496303603,0.822391093,6,high,smb,0.982654829,6,0,1
149,334,0.418374705,0.413222677,4,medium,api,0.493184317,12,0,0
13,97,0.778563848,0.01429077,1,high,rdp,0.01202059,12,0,0
101,446,0.734404643,0.732532829,1,low,smb,0.955367281,5,0,1
161,221,0.574574503,0.596359758,3,low,rdp,0.497779912,2,0,0
24,43,0.822274711,0.344171883,0,low,rdp,0.836268398,9,0,0
108,433,0.562669541,0.281545934,6,low,api,0.548458142,4,1,0
11,292,0.964389257,0.073691252,0,low,smb,0.101702284,10,0,0
17,378,0.217224099,0.941425595,2,low,smb,0.615569582,3,0,0
196,108,0.714131994,0.493984885,9,medium,smb,0.997400276,9,0,1
175,266,0.369944132,0.085524518,6,medium,ssh,0.034737783,3,0,0
25,95,0.278966194,0.868679718,5,high,rdp,0.841794198,12,0,0
94,262,0.180387476,0.278833173,6,high,api,0.235480796,7,1,0
21,313,0.552503476,0.203602716,4,low,smb,0.393866223,5,0,0
84,385,0.215469433,0.280937438,7,low,api,0.372709512,10,0,0
140,71,0.200350851,0.564571459,5,low,ssh,0.898797194,1,0,0
37,442,0.990531905,0.074056484,3,low,ssh,0.504486189,17,0,0
42,219,0.801747417,0.481756909,0,low,api,0.447174287,17,0,0
145,21,0.74827682,0.895743445,1,medium,smb,0.818025109,11,1,1
101,92,0.794060626,0.188171596,5,low,api,0.048907134,16,0,0
48,127,0.968922874,0.331188772,3,medium,smb,0.086456315,18,0,0
103,80,0.573276689,0.396121965,2,medium,smb,0.021688857,16,0,0
28,312,0.220243877,0.586220712,6,low,ssh,0.687982904,3,0,0
41,238,0.862209641,0.919254247,6,low,api,0.525616137,16,0,1
99,471,0.742730729,0.394539208,1,high,ssh,0.876022126,15,0,0
47,372,0.414308312,0.069152841,7,low,rdp,0.498532903,8,0,0
146,404,0.473569499,0.347950861,0,low,ssh,0.221819573,10,1,0
105,486,0.411252398,0.190085413,9,low,smb,0.805147373,11,0,0
124,182,0.92994216,0.651774479,6,low,api,0.294323854,10,0,1
199,25,0.343531611,0.029262109,9,low,rdp,0.935689782,12,0,0
13,156,0.963484279,0.291929971,0,medium,rdp,0.250423888,7,0,0
141,5,0.910271771,0.545173507,2,low,rdp,0.167720653,13,0,0
100,120,0.630521142,0.277334206,2,low,rdp,0.493323992,17,1,0
31,277,0.579821773,0.550995283,9,low,api,0.050515118,13,1,1
130,18,0.37008928,0.114712322,1,medium,smb,0.036411728,15,0,0
16,431,0.018338389,0.942805488,9,low,rdp,0.496014545,14,0,0
137,198,0.127623186,0.290906807,4,low,smb,0.215106881,19,0,0
73,57,0.754231323,0.923000839,3,medium,ssh,0.009352638,6,0,1
166,93,0.471540127,0.32583544,5,low,smb,0.296056911,7,0,0
54,19,0.149838134,0.781840191,1,low,rdp,0.477367354,5,1,0
184,384,0.263960854,0.246187357,3,low,ssh,0.394288701,12,0,0
100,353,0.9478369,0.669768902,6,medium,ssh,0.135469466,16,0,1
109,193,0.367132835,0.323716214,0,high,ssh,0.579674828,7,0,0
87,237,0.907681945,0.509159129,2,low,rdp,0.710332991,10,0,1
173,387,0.304635832,0.673814146,0,low,smb,0.675539162,16,0,0
162,426,0.543220094,0.588882505,1,low,api,0.393761921,8,0,0
137,277,0.020477083,0.576280593,8,medium,smb,0.137596151,1,0,0
8,227,0.52187511,0.065680836,9,medium,rdp,0.499486773,9,0,0
7,233,0.636942011,0.249076832,4,medium,rdp,0.890431755,13,1,1
36,40,0.234305099,0.57183929,3,medium,ssh,0.468722849,1,0,0
18,323,0.578937176,0.018317207,3,high,smb,0.19568105,4,0,0
3,153,0.647167772,0.250644255,7,high,rdp,0.093053303,16,1,0
28,127,0.686886078,0.229185239,2,medium,rdp,0.943926638,7,0,0
70,237,0.776403322,0.24985611,3,low,api,0.743009409,17,0,0
172,486,0.311339243,0.5356095,1,low,smb,0.312966973,7,1,0
149,493,0.567776956,0.581960354,5,low,ssh,0.295352406,11,0,0
28,55,0.98157903,0.908997994,8,low,ssh,0.895218487,13,0,1
54,468,0.898144171,0.386031049,3,medium,ssh,0.177568235,2,0,0
182,436,0.952665428,0.926578917,5,low,smb,0.53503729,13,0,1
65,172,0.386136399,0.651954345,3,medium,rdp,0.713504275,3,0,0
100,109,0.786928106,0.912660396,1,low,rdp,0.396390352,0,0,1
21,354,0.619897952,0.833472102,5,medium,api,0.039902343,8,0,0
13,469,0.082735083,0.687582443,6,low,api,0.227758814,13,0,0
57,184,0.823980389,0.3561059,3,low,rdp,0.901808137,9,0,0
49,439,0.677101276,0.241110448,6,low,rdp,0.523118967,17,0,0
118,368,0.19891736,0.222391436,7,high,smb,0.815441246,9,1,0
54,471,0.079738557,0.952173837,2,low,api,0.555685543,6,0,0
138,198,0.837022131,0.958573843,1,low,ssh,0.943602096,7,0,1
53,371,0.078901829,0.724831374,4,low,ssh,0.909134076,13,0,0
44,373,0.091353865,0.883795984,1,medium,ssh,0.482888042,3,0,0
47,461,0.427408288,0.918996163,9,low,ssh,0.318274025,10,1,1
53,497,0.134797828,0.511556197,4,high,rdp,0.601668787,9,0,0
74,87,0.913669597,0.629059691,9,low,rdp,0.674887682,16,0,1
46,201,0.470283936,0.418754498,5,low,smb,0.498355092,4,0,0
13,337,0.569150981,0.418490764,7,medium,ssh,0.822283221,9,0,0
165,322,0.928106089,0.038428919,5,low,rdp,0.183328522,9,0,0
102,275,0.530263226,0.43382146,3,medium,rdp,0.334411831,6,0,0
24,211,0.353591146,0.673489812,2,low,rdp,0.686376357,16,0,0
2,391,0.797155106,0.421982166,1,high,ssh,0.246683865,19,0,0
81,118,0.442850197,0.872409677,0,medium,rdp,0.439844745,11,0,0
100,191,0.318469426,0.332562952,1,medium,api,0.963733547,4,0,0
142,42,0.723229459,0.132682047,1,low,ssh,0.625875973,4,0,0
138,42,0.801605677,0.811558691,4,low,ssh,0.949057235,3,0,1
163,315,0.791716168,0.673947918,8,medium,api,0.722441403,6,1,1
153,276,0.977674414,0.241819482,0,medium,smb,0.72466677,1,0,0
131,329,0.786666949,0.536451256,3,low,smb,0.591857174,0,0,0
111,17,0.769933436,0.401852339,9,low,ssh,0.142208595,9,0,0
102,283,0.857485254,0.938859776,6,low,ssh,0.519714291,0,0,1
17,431,0.000185195,0.607332091,9,medium,ssh,0.252666201,12,0,0
12,258,0.362431411,0.158389261,2,low,api,0.998672554,16,0,0
182,63,0.737603096,0.502148453,7,low,rdp,0.26696194,8,1,1
116,62,0.599719011,0.862556833,2,low,api,0.230685843,3,0,0
24,100,0.177572003,0.67149667,7,low,rdp,0.623883155,8,0,0
29,19,0.303733089,0.842452076,1,low,rdp,0.510948813,6,0,0
171,17,0.336792611,0.250399314,4,high,smb,0.021352913,1,0,0
153,325,0.567828111,0.888351377,3,low,api,0.129533179,17,0,1
122,423,0.831598296,0.755611332,8,high,api,0.811042942,14,0,1
188,466,0.93249178,0.728913755,2,low,ssh,0.483691955,9,0,1
90,373,0.750092413,0.34654107,4,low,api,0.146015215,16,0,0
65,246,0.84295039,0.887658064,9,low,rdp,0.465242563,6,1,1
84,251,0.470095958,0.637979377,8,medium,rdp,0.253149083,10,0,0
119,455,0.38977532,0.851839477,5,medium,api,0.223591461,6,1,1
156,81,0.392708532,0.360971456,1,low,smb,0.957725276,10,0,0
16,39,0.616038528,0.145652091,0,low,smb,0.362024527,14,0,0
175,36,0.124236706,0.33233718,0,high,ssh,0.046431105,18,0,0
104,424,0.579494183,0.455264347,6,high,ssh,0.970326673,18,0,1
92,429,0.66513286,0.533407375,1,low,rdp,0.794839575,9,1,1
186,388,0.43890874,0.510809216,6,medium,api,0.254413307,15,0,0
27,486,0.953167177,0.546054592,0,low,rdp,0.408891835,19,0,1
181,409,0.608213272,0.841705765,3,low,rdp,0.862289575,7,0,1
170,197,0.219999472,0.170101246,9,low,api,0.357413519,0,0,0
187,158,0.479216257,0.316051295,3,low,rdp,0.567404042,1,0,0
175,204,0.675404437,0.88860849,4,medium,rdp,0.53485687,9,0,1
162,196,0.323629125,0.560458205,9,low,smb,0.401294549,9,0,0
165,216,0.079641606,0.58338987,0,medium,ssh,0.639501902,9,0,0
134,285,0.583435635,0.478062545,6,high,smb,0.473290737,8,1,1
135,457,0.947870169,0.548974635,1,low,ssh,0.021230492,17,0,0
153,196,0.485071986,0.198079731,1,low,ssh,0.814383108,1,0,0
33,307,0.906109081,0.546866899,7,medium,ssh,0.113155783,4,0,0
55,152,0.835023588,0.997173128,8,low,smb,0.464089931,10,0,1
186,14,0.147412784,0.566047573,5,low,api,0.579900791,5,0,0
7,325,0.708169922,0.044402466,0,low,rdp,0.705506054,7,0,0
57,146,0.435465525,0.796435644,0,low,api,0.410796535,7,0,0
126,426,0.250246325,0.396475429,6,high,api,0.735548487,9,0,0
12,57,0.686938356,0.153676149,7,medium,ssh,0.131350085,10,0,0
16,211,0.742660719,0.862519806,2,low,ssh,0.653445548,18,1,1
43,268,0.179896319,0.197973256,8,low,smb,0.826338928,13,0,0
117,210,0.914444682,0.92076739,3,high,smb,0.889443973,10,1,1
135,17,0.751147244,0.44179649,3,low,rdp,0.579566496,2,1,1
111,286,0.933375499,0.742790835,2,low,api,0.312895198,0,0,1
51,344,0.317073219,0.54699585,7,high,api,0.163356512,2,1,0
160,203,0.939335016,0.256626804,8,high,rdp,0.345558753,8,0,0
75,99,0.368517658,0.671090174,0,low,ssh,0.539974373,0,0,0
8,279,0.053969761,0.957912551,1,low,smb,0.196330224,11,0,0
45,209,0.762969389,0.769636967,0,low,rdp,0.952514906,11,0,1
59,129,0.703508144,0.604017997,3,low,api,0.897135429,5,0,0
132,335,0.597910992,0.990628108,9,medium,rdp,0.032957195,7,0,1
104,288,0.489893744,0.265326667,6,low,rdp,0.561961798,2,0,0
195,252,0.03216527,0.062341488,6,low,api,0.78930879,10,0,0
157,265,0.624597252,0.032130866,5,low,api,0.24539196,10,0,0
157,271,0.416834615,0.71068788,4,high,smb,0.523896232,4,0,0
98,412,0.560209403,0.830232365,3,low,smb,0.405991882,6,0,0
156,408,0.429321342,0.635100537,7,low,api,0.196546264,18,0,0
79,188,0.966056133,0.905026597,6,high,smb,0.614737384,6,0,1
124,419,0.604108901,0.697976047,9,low,smb,0.993692175,9,1,1
172,214,0.749236331,0.370954646,0,low,smb,0.36528726,7,0,0
4,283,0.936346947,0.181258292,5,low,api,0.552379008,13,0,0
90,211,0.591599323,0.924647479,1,low,ssh,0.327854682,0,0,0
104,365,0.012062518,0.10359715,3,low,ssh,0.876948617,12,0,0
137,76,0.034291678,0.542988404,4,low,smb,0.8646027,5,0,0
119,148,0.702338434,0.314007925,7,low,ssh,0.178773388,5,0,0
133,321,0.279085136,0.271415008,5,low,smb,0.899948874,4,0,0
56,213,0.579379727,0.645834852,1,low,ssh,0.151508711,2,0,0
96,433,0.202277181,0.231236937,4,low,ssh,0.09543996,11,0,0
178,109,0.270248875,0.916365107,4,low,rdp,0.652934616,14,0,0
75,129,0.504641056,0.406043909,5,low,smb,0.385904106,2,0,0
143,10,0.975569463,0.677375347,0,high,ssh,0.530740593,15,0,1
32,47,0.616270489,0.727755717,7,low,ssh,0.652570782,17,0,1
28,379,0.936148105,0.682941695,2,low,rdp,0.052837238,8,0,1
22,315,0.959379854,0.903400241,4,medium,ssh,0.292953171,7,1,1
17,96,0.208109996,0.231130864,6,low,rdp,0.460906312,10,1,0
59,446,0.311193602,0.086054545,2,medium,ssh,0.26658741,2,0,0
90,103,0.769992281,0.055465697,9,medium,rdp,0.048971384,4,0,0
199,380,0.866764002,0.87784415,5,medium,rdp,0.086676573,9,0,1
106,342,0.519226744,0.97328705,4,medium,api,0.801747869,4,0,1
185,146,0.993226067,0.302526541,6,low,smb,0.911386759,7,0,1
26,368,0.011572199,0.693513924,9,medium,api,0.152233302,5,0,0
25,430,0.299592656,0.008912784,2,low,smb,0.249261957,15,0,0
138,416,0.623161754,0.18863151,1,low,ssh,0.652249405,11,0,0
45,27,0.469289911,0.689274382,3,high,smb,0.954271776,16,1,1
83,220,0.116602966,0.065887139,2,low,api,0.299589709,7,0,0
11,18,0.367787085,0.46851005,3,high,smb,0.855213626,3,1,0
181,167,0.025447143,0.662583264,6,low,api,0.506024644,16,1,0
104,433,0.642746046,0.765958171,4,low,smb,0.956558639,2,0,1
68,477,0.892742543,0.453815914,3,low,ssh,0.136258662,17,0,0
95,82,0.884874124,0.630284039,5,medium,ssh,0.973672398,15,0,1
156,428,0.699544474,0.53957563,6,low,smb,0.440978628,1,0,0
65,72,0.465770195,0.052305772,4,low,smb,0.95293839,12,0,0
49,310,0.512031619,0.742804687,6,low,ssh,0.458690217,0,0,0
175,479,0.136918824,0.172361916,2,medium,smb,0.530082134,2,1,0
52,254,0.341017093,0.031805531,6,low,rdp,0.80477501,0,1,0
102,162,0.187728075,0.451167916,2,medium,ssh,0.722628501,1,0,0
182,327,0.821200203,0.865637587,5,low,ssh,0.61960332,18,0,1
188,420,0.914753901,0.150829438,7,low,api,0.416980024,2,0,0
57,402,0.536923261,0.012857534,5,low,api,0.792438367,0,0,0
47,38,0.727764041,0.109979236,9,high,rdp,0.948228333,8,0,0
159,443,0.121464771,0.363659114,2,low,smb,0.009810897,7,0,0
174,393,0.608534643,0.58017187,4,low,rdp,0.587845096,4,0,0
26,201,0.702791021,0.193012134,8,medium,smb,0.865980929,0,0,0
114,494,0.45276813,0.801964005,7,low,api,0.653112537,14,0,1
5,200,0.243273084,0.753297121,5,medium,smb,0.800829258,16,0,0
84,255,0.877374521,0.695863617,8,low,api,0.895061104,14,1,1
52,179,0.74290872,0.487469808,1,low,ssh,0.750951016,7,0,0
105,35,0.899857282,0.365216955,8,low,ssh,0.717017401,2,0,0
54,82,0.818402647,0.375586621,9,low,smb,0.964745891,8,0,1
161,389,0.99037443,0.503070535,9,medium,api,0.863684658,19,1,1
178,398,0.192172733,0.077314687,5,medium,rdp,0.81537787,13,0,0
166,220,0.086747768,0.682305463,8,low,api,0.08640336,5,1,0
155,158,0.337002791,0.351507544,3,high,api,0.239029883,19,0,0
15,4,0.129004175,0.224758778,4,low,api,0.556756024,3,0,0
61,167,0.523130113,0.27832707,1,low,ssh,0.709560105,11,0,0
122,468,0.633028905,0.180294285,2,medium,api,0.303214893,2,0,0
21,448,0.578288615,0.901568086,0,medium,smb,0.093328113,2,0,0
46,409,0.259240135,0.169037516,3,low,ssh,0.311099187,16,0,0
197,412,0.908824031,0.882926119,1,medium,ssh,0.771029181,5,0,1
134,204,0.021172364,0.572243396,1,low,ssh,0.877401029,14,0,0
38,194,0.348013354,0.867450955,0,medium,api,0.912903648,10,1,1
62,235,0.718992475,0.474064217,9,medium,rdp,0.378866679,17,0,1
86,206,0.766928926,0.927633719,1,medium,api,0.372538575,2,1,1
190,150,0.416118544,0.211490744,3,low,api,0.406707471,16,0,0
78,159,0.016909813,0.554691753,5,medium,rdp,0.375809469,10,0,0
46,279,0.618043679,0.125838691,6,medium,api,0.666196608,5,1,0
141,304,0.063094681,0.447220285,6,low,smb,0.358323262,4,0,0
3,404,0.107855776,0.569903697,6,low,rdp,0.020343937,9,1,0
6,381,0.65025072,0.605675222,3,high,smb,0.439024601,1,0,0
93,166,0.312488326,0.365528797,4,low,smb,0.224152066,14,0,0
8,311,0.348030153,0.076335642,2,low,ssh,0.028807138,10,0,0
172,68,0.486807077,0.655326071,0,low,ssh,0.470842952,13,1,1
108,463,0.978578395,0.48843186,7,medium,rdp,0.205954559,13,1,1
161,88,0.965442221,0.136878867,9,high,api,0.452741815,2,0,0
75,217,0.416260999,0.935875969,6,medium,smb,0.277749987,15,0,1
77,1,0.265499217,0.955668662,8,low,api,0.60370887,13,0,1
50,135,0.302592153,0.85660628,9,medium,smb,0.990877387,9,0,1
11,185,0.268781298,0.843868301,3,medium,ssh,0.547231921,7,0,0
95,351,0.532245807,0.098671276,4,medium,ssh,0.646895917,11,0,0
156,140,0.606859808,0.99342011,4,low,ssh,0.919275758,4,0,1
70,106,0.488779388,0.40038068,6,medium,rdp,0.374000418,12,0,0
169,133,0.407994362,0.163121116,8,low,smb,0.16654845,11,0,0
16,108,0.211285038,0.812101728,7,low,api,0.282797283,2,0,0
68,178,0.482505591,0.225730768,6,low,smb,0.402794941,16,0,0
99,298,0.341102714,0.526175321,0,high,api,0.645017681,19,0,0
48,358,0.541595463,0.128016065,9,low,api,0.004588029,4,0,0
184,380,0.675189416,0.474645723,5,high,api,0.853383215,5,0,0
64,396,0.633312174,0.558141493,9,low,smb,0.076093973,12,0,0
187,359,0.46249021,0.44592396,8,medium,ssh,0.900655149,5,0,0
90,146,0.556052424,0.069486825,6,low,rdp,0.949434521,12,0,0
190,450,0.284856131,0.484939031,0,low,rdp,0.990102794,14,0,0
76,74,0.024240259,0.468942843,8,medium,ssh,0.809510184,1,1,0
139,463,0.625019454,0.261620277,2,medium,rdp,0.141855526,10,0,0
101,478,0.252568559,0.9216016,8,medium,api,0.706167043,15,0,1
89,108,0.66895371,0.417792333,3,medium,rdp,0.203321291,17,0,0
18,122,0.7470085,0.864115796,8,medium,smb,0.897127836,1,0,1
19,17,0.915927746,0.10966383,7,high,ssh,0.316605926,9,0,0
55,196,0.958122795,0.318877284,6,low,ssh,0.326795977,12,0,0
102,327,0.010526046,0.176330854,3,low,ssh,0.917653296,7,0,0
118,318,0.990374209,0.408410788,8,low,ssh,0.013231071,6,0,0
154,297,0.683018318,0.111636687,3,low,smb,0.193966151,15,1,0
134,479,0.64352416,0.441034806,0,medium,api,0.421932267,16,0,0
4,499,0.015213095,0.353870743,5,low,api,0.700721567,8,1,0
108,252,0.861233412,0.223315047,3,low,api,0.647566166,7,0,0
115,487,0.145491447,0.642179412,9,low,rdp,0.669411875,19,0,0
29,119,0.837330154,0.950911488,2,medium,api,0.880022028,4,0,1
59,162,0.015562546,0.207113474,4,low,rdp,0.121030412,4,0,0
125,198,0.645964262,0.71179084,2,low,smb,0.522161696,12,0,0
98,498,0.434801534,0.742380889,8,medium,rdp,0.725477689,15,0,1
17,486,0.200766729,0.498120516,5,medium,api,0.636118443,10,0,0
107,45,0.107561392,0.897668346,2,low,ssh,0.44831412,14,0,0
43,314,0.440127697,0.966390066,4,medium,smb,0.017114586,16,0,0
80,179,0.123305805,0.362246452,7,low,api,0.060452266,14,0,0
194,382,0.486446612,0.651033298,7,high,api,0.118941327,11,1,1
162,418,0.625217059,0.662212618,5,low,api,0.343227753,3,1,1
8,44,0.827384194,0.403635526,4,high,smb,0.117653453,3,0,0
141,271,0.678649437,0.316791074,4,high,ssh,0.426082313,15,0,0
106,78,0.065199767,0.933744198,0,medium,ssh,0.178641991,14,0,0
8,326,0.307432533,0.789981549,1,low,ssh,0.779166198,7,0,0
96,178,0.287978608,0.114464566,3,low,api,0.871487617,19,0,0
94,357,0.915032423,0.119884072,5,low,rdp,0.389647508,7,1,0
65,498,0.867782044,0.922542769,6,high,api,0.511331765,10,1,1
171,416,0.370147918,0.081409765,0,medium,ssh,0.953496242,16,0,0
39,451,0.071155256,0.688421346,7,high,smb,0.535507755,2,0,0
81,3,0.894107318,0.226758247,0,medium,rdp,0.995073216,6,0,0
187,214,0.888189953,0.035185343,8,low,rdp,0.142130994,11,0,0
84,342,0.854746132,0.059637546,3,low,api,0.862226421,0,0,0
88,74,0.845081638,0.373522104,6,low,smb,0.497203003,10,0,0
86,51,0.480254001,0.077588452,5,low,rdp,0.022714111,4,0,0
93,67,0.177431652,0.5966392,8,medium,ssh,0.972222941,5,0,0
86,332,0.47748805,0.647254511,1,high,api,0.9650479,13,0,0
44,93,0.494597771,0.373468572,6,medium,api,0.38327084,16,0,0
137,176,0.489931753,0.742878076,4,high,ssh,0.954142071,2,0,0
165,145,0.538772586,0.49004252,6,high,ssh,0.141009642,3,0,0
74,7,0.257657023,0.430228503,0,low,ssh,0.680110141,0,0,0
36,269,0.366241181,0.406988089,9,low,rdp,0.191928987,3,0,0
101,376,0.434186592,0.431106487,8,medium,smb,0.246647236,13,0,0
156,322,0.13112121,0.96788765,0,low,rdp,0.779337437,6,0,0
170,4,0.455364135,0.68140706,4,low,smb,0.377358085,6,0,0
171,138,0.810469617,0.315209847,7,low,api,0.007127503,0,0,0
170,231,0.828059543,0.73385987,0,high,smb,0.414238424,1,0,0
104,88,0.411563772,0.330267388,6,low,ssh,0.228069321,2,0,0
66,17,0.518808312,0.125714908,1,medium,rdp,0.683329914,17,0,0
55,52,0.033650332,0.475360357,6,medium,ssh,0.194448697,10,0,0
176,134,0.674432556,0.751023859,6,medium,api,0.842253528,11,0,1
91,211,0.404605883,0.377659911,8,medium,rdp,0.267093012,13,0,0
22,325,0.445477683,0.869174142,5,medium,rdp,0.393028258,8,0,0
101,480,0.873672727,0.386952704,3,low,ssh,0.298036861,9,0,0
155,458,0.461834435,0.349839026,6,low,rdp,0.643923348,12,1,0
121,393,0.021192246,0.998243914,6,high,ssh,0.101163541,2,0,0
93,219,0.227490891,0.482472023,3,low,smb,0.478099373,8,0,0
195,205,0.475620614,0.80522121,1,medium,api,0.334454815,1,0,0
108,211,0.424396293,0.804988056,8,low,ssh,0.884137963,7,1,1
141,277,0.860370137,0.926369337,7,low,api,0.073412094,6,0,1
173,24,0.542137509,0.084895054,4,high,rdp,0.829695065,8,0,0
10,486,0.689635742,0.271220276,4,medium,api,0.167680477,12,0,0
9,4,0.469323297,0.767748092,0,low,api,0.08857766,6,0,0
182,152,0.439655734,0.562601492,8,high,api,0.202322858,6,1,0
155,443,0.446286668,0.559614942,9,medium,rdp,0.102652982,0,0,0
34,483,0.41092157,0.166215302,7,low,smb,0.520983948,1,0,0
129,259,0.538583386,0.281153014,4,medium,smb,0.988214953,16,0,0
160,324,0.250443402,0.521334086,9,low,smb,0.034327352,9,0,0
89,357,0.891055194,0.277181365,5,medium,ssh,0.461128349,14,0,0
93,168,0.333085548,0.210282793,9,low,ssh,0.386070329,15,1,0
71,176,0.147523834,0.087756056,9,low,rdp,0.339606414,12,0,0
67,310,0.096550479,0.155726012,7,medium,smb,0.33186361,7,0,0
148,291,0.013422915,0.768867762,5,high,api,0.895012757,8,0,0
117,479,0.422856079,0.718779181,9,medium,smb,0.01897615,0,0,0
94,56,0.187610989,0.045833684,3,low,ssh,0.774916387,3,0,0
163,108,0.021647903,0.203284085,2,high,rdp,0.252933179,17,0,0
99,473,0.520019546,0.560455347,6,medium,smb,0.383295511,0,0,0
113,296,0.679978549,0.322627844,1,medium,ssh,0.420149913,2,0,0
103,461,0.085751051,0.823249603,6,low,ssh,0.304731754,9,0,0
91,324,0.460920773,0.784989308,0,high,api,0.093558862,1,0,0
90,302,0.743628679,0.891580558,9,high,smb,0.114330849,17,0,1
17,334,0.985806821,0.562931232,4,medium,api,0.298131124,1,1,1
18,141,0.667190345,0.35207648,8,high,smb,0.821809053,12,0,0
173,155,0.244839551,0.606064696,0,low,rdp,0.134627653,8,0,0
116,262,0.71655364,0.08913668,7,high,smb,0.742639833,1,0,0
93,273,0.597929427,0.009586018,8,low,api,0.288869729,1,0,0
181,420,0.211799289,0.01709352,8,low,api,0.883464935,4,0,0
91,232,0.851110826,0.407542938,7,medium,ssh,0.428328475,13,0,1
82,241,0.427404427,0.228077594,3,medium,smb,0.171723313,2,0,0
68,355,0.961977655,0.157337706,6,low,smb,0.98584445,13,0,1
193,337,0.722901007,0.615326016,0,low,rdp,0.176634519,0,0,0
114,489,0.644563155,0.995095043,6,low,ssh,0.567619821,8,0,1
1,258,0.728352837,0.177753204,5,low,api,0.569286478,15,1,1
58,249,0.478097019,0.546421424,4,low,smb,0.372813451,16,0,0
154,77,0.505226478,0.119727514,0,low,ssh,0.951488593,7,0,0
109,180,0.851207385,0.934236441,7,low,rdp,0.843874562,14,0,1
148,66,0.680928537,0.291755169,9,high,ssh,0.829819561,7,0,0
116,308,0.897243325,0.87833982,0,medium,smb,0.974151935,6,0,1
87,348,0.890826754,0.283076439,0,low,smb,0.457109338,8,0,0
10,171,0.976490034,0.80605248,2,high,rdp,0.097185776,1,0,1
59,474,0.700214659,0.209381333,7,medium,rdp,0.765455925,9,0,0
41,22,0.502301718,0.29278943,7,low,rdp,0.380812579,4,0,0
105,367,0.1663117,0.192475365,6,low,api,0.190345152,15,0,0
133,107,0.70538056,0.264259878,4,low,ssh,0.483247343,0,0,0
122,439,0.291577717,0.834865755,7,low,ssh,0.92571894,5,0,0
193,323,0.282947568,0.639032498,1,low,ssh,0.171357019,9,0,0
145,227,0.238287776,0.405879669,7,low,api,0.848698815,9,1,0
22,444,0.875122057,0.971521027,1,low,ssh,0.418204942,18,0,1
98,442,0.867964447,0.464861527,9,medium,rdp,0.136801981,12,0,1
169,396,0.630970445,0.969759971,4,low,ssh,0.848382304,18,0,1
68,216,0.472980981,0.196586923,3,medium,api,0.969620341,2,0,0
197,69,0.67211446,0.904638427,0,medium,api,0.291270716,12,0,1
139,84,0.60722945,0.013822204,4,high,ssh,0.30353621,3,0,0
56,103,0.415734248,0.545303202,6,low,api,0.390545983,7,0,0
179,39,0.379630867,0.423052394,0,high,api,0.814130364,11,0,0
149,13,0.382794308,0.525087845,1,medium,ssh,0.010417197,16,1,0
99,297,0.589133403,0.553444832,8,medium,api,0.223956552,0,1,0
76,313,0.647669356,0.389031354,4,medium,api,0.705899811,1,0,0
26,181,0.451741754,0.998197847,6,low,ssh,0.40563945,8,0,1
115,493,0.96869145,0.97650719,1,high,rdp,0.330295623,0,0,1
147,268,0.083845718,0.961745377,6,low,rdp,0.872282889,18,0,1
109,13,0.347047026,0.979085047,6,medium,api,0.91733392,16,1,1
188,120,0.419074683,0.793012399,6,low,smb,0.947986219,4,0,0
199,458,0.016921343,0.988590479,4,low,smb,0.272550533,14,1,0
47,353,0.364957188,0.892360225,8,medium,ssh,0.91251261,19,1,1
71,57,0.273709917,0.415932637,1,high,ssh,0.736965555,11,1,0
154,40,0.50603627,0.784777108,3,low,rdp,0.154214748,3,0,0
40,374,0.336410547,0.912067845,1,high,smb,0.610270028,14,0,0
133,336,0.726182135,0.712606074,7,medium,ssh,0.026334819,2,0,0
149,128,0.509932495,0.422782341,0,low,smb,0.708378156,13,0,0
132,173,0.129762233,0.065790242,8,low,smb,0.733567523,3,0,0
23,35,0.750061324,0.809696937,4,medium,api,0.789338509,18,1,1
106,259,0.099228896,0.952742873,2,low,api,0.172525054,5,0,0
84,376,0.839049168,0.36246326,3,low,smb,0.628249941,16,0,0
143,5,0.931422194,0.151906051,0,low,rdp,0.178856685,17,0,0
116,218,0.32244529,0.326503839,2,low,ssh,0.946650083,7,0,0
109,11,0.926142633,0.582622358,7,medium,ssh,0.675010693,18,0,1
136,382,0.793008159,0.316929003,1,low,rdp,0.095325848,19,1,0
41,327,0.922435611,0.61061873,1,low,api,0.18703223,11,0,0
112,117,0.666270137,0.966852232,8,low,api,0.663460098,16,0,1
147,184,0.235644039,0.670734493,4,low,rdp,0.476670496,18,0,0
112,394,0.894523237,0.362659366,4,low,rdp,0.736297666,0,0,0
103,362,0.184265076,0.935752971,0,medium,api,0.280788799,10,0,0
46,116,0.213060551,0.565635269,5,medium,smb,0.657917537,9,0,0
156,162,0.27106299,0.128372399,7,low,api,0.176960168,15,0,0
68,67,0.304246311,0.498981005,5,low,smb,0.543710263,4,0,0
122,200,0.514479642,0.653636445,6,low,ssh,0.957799592,16,0,1
15,31,0.71345736,0.838254366,3,low,ssh,0.628222232,8,0,1
165,75,0.926208174,0.936476787,1,medium,smb,0.049993618,7,0,1
129,237,0.088437587,0.317416134,0,low,smb,0.988762138,9,0,0
195,327,0.954369362,0.155512364,5,low,api,0.15686633,7,0,0
111,493,0.921322967,0.073828642,8,medium,rdp,0.718069103,2,0,0
24,66,0.053999292,0.738354603,9,low,smb,0.532530039,11,0,0
27,70,0.360321138,0.795158253,4,medium,ssh,0.294360688,3,0,0
40,297,0.81314339,0.409373127,1,low,api,0.177310485,17,0,0
191,447,0.611576545,0.395925407,0,low,ssh,0.177702364,8,0,0
189,416,0.779093943,0.954237032,2,medium,api,0.858399681,3,0,1
164,20,0.719033339,0.916681325,3,medium,rdp,0.872912514,1,0,1
24,441,0.496770113,0.233265902,6,low,rdp,0.465145522,6,1,0
24,226,0.041218046,0.780807648,8,medium,ssh,0.103621463,17,0,0
4,434,0.584268202,0.622700396,7,medium,smb,0.884165104,1,0,0
67,464,0.048566653,0.154222739,8,high,smb,0.487016486,1,0,0
34,409,0.603726718,0.356771047,6,medium,ssh,0.438762423,9,0,0
185,396,0.800410862,0.177472941,9,high,smb,0.407357024,2,0,0
177,199,0.584991749,0.295156039,7,low,smb,0.365014174,18,1,1
181,39,0.997021805,0.615301176,7,low,ssh,0.526005404,1,0,1
116,145,0.4558665,0.375265471,0,low,ssh,0.604541227,2,0,0
23,45,0.748827464,0.39405952,8,low,rdp,0.466432204,8,0,0
109,395,0.667213292,0.539647293,1,low,ssh,0.896648163,10,1,1
69,326,0.991431692,0.087224139,6,medium,rdp,0.317661229,10,0,0
95,381,0.713219005,0.73879729,9,low,rdp,0.578311857,2,1,1
181,407,0.164030731,0.401709533,9,medium,api,0.29995392,4,0,0
62,91,0.955517706,0.480397088,4,low,smb,0.753350024,11,0,1
169,238,0.667777226,0.974299729,3,low,ssh,0.102121099,14,0,1
57,70,0.059338231,0.344366888,0,low,smb,0.188698997,16,0,0
188,166,0.657568306,0.648218936,0,low,api,0.80120141,15,0,0
54,130,0.883119407,0.392504317,2,low,ssh,0.183197595,16,0,0
70,214,0.577041862,0.894282719,0,medium,ssh,0.625746346,14,0,1
101,340,0.354019638,0.846756267,7,low,api,0.970243452,12,0,1
57,89,0.820909634,0.241624272,2,low,smb,0.522890614,1,1,0
138,335,0.782512008,0.691745713,9,medium,rdp,0.187396446,16,0,1
168,252,0.544182154,0.065171996,1,low,api,0.320691046,0,0,0
135,369,0.15436177,0.96318539,5,low,api,0.823458076,9,0,0
103,349,0.250986486,0.348990108,3,low,ssh,0.351660913,3,0,0
166,72,0.738483972,0.831842773,3,low,rdp,0.723511359,9,1,1
85,165,0.806082165,0.318431366,1,medium,api,0.777350063,11,0,0
61,49,0.279265278,0.632770741,1,high,smb,0.501182847,2,0,0
3,52,0.367985077,0.983590792,5,medium,api,0.783213384,0,0,0
128,289,0.077631885,0.876749863,4,low,smb,0.316903004,18,0,0
179,278,0.713461948,0.16036591,8,medium,ssh,0.516159647,0,0,0
86,114,0.003577545,0.547488433,3,low,api,0.686558264,18,0,0
47,239,0.046541521,0.348531782,4,low,smb,0.168073147,3,0,0
196,133,0.004344068,0.434338852,0,low,ssh,0.273621967,12,1,0
76,487,0.645319583,0.335183129,1,medium,ssh,0.652036603,13,0,0
38,274,0.417387128,0.335959248,2,medium,ssh,0.65536012,13,1,0
164,166,0.297546761,0.542553244,4,medium,api,0.493302646,2,0,0
169,374,0.91270101,0.191964009,4,medium,ssh,0.795585357,18,0,0
197,373,0.192802795,0.537395425,3,low,ssh,0.482054902,10,0,0
141,293,0.38936801,0.278965437,9,low,smb,0.881322265,8,0,0
87,478,0.940311801,0.288982904,2,medium,ssh,0.735903431,5,0,0
58,243,0.427106563,0.738748029,8,medium,api,0.314694863,3,0,0
50,479,0.554693686,0.029593604,0,medium,rdp,0.395254008,4,0,0
30,320,0.080336867,0.380945763,5,low,ssh,0.667686686,8,0,0
190,138,0.790166387,0.40753438,6,medium,api,0.894452619,0,0,0
101,79,0.422758777,0.48511014,9,low,ssh,0.178708733,14,0,0
25,170,0.800515125,0.669011025,3,medium,api,0.514663539,10,1,1
112,123,0.253797643,0.369686783,9,low,ssh,0.118784421,0,0,0
155,176,0.422478751,0.213137104,2,high,smb,0.279455155,16,0,0
179,300,0.786548936,0.884872841,7,low,rdp,0.685981359,14,0,1
185,82,0.973877767,0.981038627,8,medium,rdp,0.077734635,13,0,1
126,87,0.059625524,0.020014693,0,medium,api,0.662358582,8,0,0
123,225,0.812456177,0.546466851,9,low,api,0.900811121,3,0,1
47,16,0.300689068,0.341702379,8,low,rdp,0.969370291,8,0,0
118,310,0.550743281,0.276989575,6,medium,smb,0.216632201,4,0,0
39,358,0.290092265,0.335706391,0,low,smb,0.748897957,2,1,0
16,163,0.613445473,0.638877756,6,low,ssh,0.926370449,17,1,1
22,98,0.353802831,0.19071601,4,high,smb,0.091369311,8,1,0
54,156,0.333614891,0.912860712,9,medium,rdp,0.414023608,3,0,0
149,2,0.037938313,0.466114525,6,low,rdp,0.919409767,6,0,0
16,350,0.146960406,0.325576833,8,medium,smb,0.202787498,0,0,0
59,397,0.917078199,0.765531332,7,low,smb,0.933760684,15,0,1
31,169,0.998277429,0.016346665,5,medium,rdp,0.527192071,5,0,0
170,464,0.780520576,0.431852866,1,medium,rdp,0.099893083,5,0,0
32,315,0.286812625,0.355303601,7,medium,rdp,0.449877317,13,1,0
187,325,0.402445138,0.33820991,3,low,rdp,0.326261195,4,0,0
162,375,0.739503455,0.337071362,7,medium,rdp,0.282204161,10,0,0
9,92,0.968513557,0.031271378,6,low,smb,0.541475576,0,0,0
139,181,0.455471171,0.152116403,3,low,smb,0.483592691,19,1,0
10,231,0.829522415,0.141885159,7,medium,ssh,0.48196716,9,0,0
17,301,0.975068923,0.988610505,1,low,ssh,0.088141731,0,1,1
68,148,0.873473171,0.022165756,8,medium,api,0.802318181,3,1,0
48,280,0.227149747,0.167073656,5,medium,ssh,0.481439315,7,0,0
180,189,0.008031864,0.974174509,6,low,smb,0.820905829,0,1,0
111,347,0.492081705,0.628256594,9,low,ssh,0.824594642,7,0,0
153,350,0.531360832,0.450667121,0,medium,ssh,0.317135325,13,0,0
123,314,0.201250365,0.078760933,2,high,smb,0.004346304,16,0,0
149,493,0.284674392,0.669661162,9,medium,rdp,0.911245677,8,1,1
101,411,0.765153161,0.137802988,4,medium,smb,0.760694693,5,0,0
102,410,0.470347259,0.671186122,6,low,smb,0.107251957,0,0,0
65,128,0.317354084,0.979176497,0,low,api,0.701727034,8,0,0
191,7,0.622626027,0.531972659,8,medium,api,0.020023269,0,0,0
51,426,0.652759756,0.214084655,4,low,api,0.027759069,13,0,0
36,47,0.769395777,0.625283751,2,high,rdp,0.52582324,10,1,1
81,53,0.156709296,0.512929688,6,low,ssh,0.096037429,7,0,0
127,187,0.741517252,0.533140264,9,low,api,0.964336522,11,0,1
88,38,0.599428392,0.478106946,7,medium,smb,0.893831227,5,0,0
194,453,0.057571865,0.673740574,9,medium,api,0.649812031,16,0,0
104,471,0.777445628,0.571945362,9,medium,smb,0.063708971,10,0,1
15,476,0.383080281,0.986995077,2,high,rdp,0.324835258,9,0,0
96,226,0.330380934,0.825863421,6,high,api,0.371722998,7,1,1
167,53,0.448075152,0.264698378,6,high,smb,0.480879836,11,0,0
123,399,0.346175077,0.725756522,3,medium,ssh,0.168902874,3,0,0
198,224,0.338285592,0.214300349,9,medium,rdp,0.577511643,12,1,0
1,154,0.808077668,0.782346408,8,medium,smb,0.435770648,2,0,1
151,48,0.124505254,0.14755764,0,low,ssh,0.947296963,19,0,0
122,351,0.970600068,0.473553834,0,low,ssh,0.93619523,3,0,0
167,147,0.554931644,0.790606198,4,low,smb,0.565473955,7,0,0
126,393,0.182923998,0.280112702,2,low,api,0.644349336,4,0,0
57,64,0.131215483,0.837119125,9,low,ssh,0.137796468,1,0,0
81,349,0.591509532,0.644150709,8,low,rdp,0.223323239,7,0,0
162,182,0.632999444,0.397522329,4,high,ssh,0.900715404,4,0,0
169,125,0.053025771,0.423416709,6,medium,api,0.699165923,15,0,0
73,179,0.243001914,0.925991534,0,low,rdp,0.189430197,14,0,0
141,39,0.795461921,0.217791,1,low,rdp,0.570210306,18,0,0
70,260,0.049624628,0.693362615,3,medium,rdp,0.93476125,12,0,0
6,382,0.855088664,0.707294206,8,medium,smb,0.345171106,10,0,1
84,3,0.658162477,0.922449693,4,high,ssh,0.185820376,15,0,1
52,64,0.434423259,0.713164269,4,high,api,0.942025277,17,1,1
3,29,0.346432849,0.584467418,8,high,smb,0.46126536,14,0,0
81,372,0.019248964,0.902522539,7,low,smb,0.417241999,5,0,0
63,11,0.825214946,0.82913203,1,low,rdp,0.2675672,7,1,1
49,97,0.142721854,0.716776455,6,medium,smb,0.891585295,3,0,0
76,358,0.309541992,0.032578382,0,low,ssh,0.845616767,15,0,0
112,442,0.56910698,0.373520418,9,medium,smb,0.402990399,10,0,0
175,203,0.2459926,0.631889672,8,low,smb,0.03061328,19,0,0
109,411,0.497140464,0.522250524,2,medium,rdp,0.446651431,1,0,0
183,481,0.809342829,0.319318326,1,low,rdp,0.180858017,3,0,0
192,21,0.470537935,0.144423916,3,low,smb,0.14273407,13,0,0
65,39,0.948977344,0.552996583,3,medium,rdp,0.393093612,10,0,1
81,223,0.84750062,0.285917576,2,high,api,0.099076937,3,0,0
195,102,0.333039235,0.23300049,1,low,api,0.957464507,2,0,0
15,46,0.399962125,0.398958227,4,high,api,0.047539182,4,0,0
100,66,0.423326727,0.785491433,3,medium,smb,0.401369627,5,0,0
32,91,0.626179453,0.487853502,4,medium,ssh,0.162702702,8,1,0
96,164,0.286795729,0.21649221,7,medium,ssh,0.688811322,3,0,0
128,459,0.969249139,0.116903142,1,medium,rdp,0.078811449,6,0,0
196,111,0.608684221,0.498987264,8,low,ssh,0.546805574,12,0,0
146,338,0.399401659,0.794366398,9,low,ssh,0.773101495,9,0,1
113,123,0.645009815,0.652818024,0,high,smb,0.950059835,11,0,0
83,193,0.395405011,0.23214888,7,medium,rdp,0.698527563,9,0,0
43,447,0.817795681,0.436706586,4,low,ssh,0.099491758,10,0,0
116,99,0.567840961,0.855230363,1,medium,api,0.08852055,10,1,1
163,291,0.041970503,0.177655908,7,low,rdp,0.731598049,5,0,0
78,159,0.176756867,0.532080571,4,low,rdp,0.215329405,5,0,0
58,412,0.864993973,0.356231509,9,low,rdp,0.447239309,19,0,1
33,103,0.562899826,0.124179755,9,low,api,0.976621101,5,0,0
14,385,0.950343477,0.049903921,2,low,ssh,0.819906798,11,0,0
162,281,0.072422313,0.555871385,6,low,api,0.846593357,13,0,0
189,43,0.29526063,0.020748874,3,medium,rdp,0.860769905,17,0,0
132,486,0.193543373,0.103446117,9,low,rdp,0.61954534,18,0,0
59,84,0.553840292,0.347564281,5,low,smb,0.743933924,9,0,0
157,451,0.382792831,0.043520185,9,low,smb,0.358960915,9,0,0
83,191,0.157273534,0.400445226,7,low,smb,0.998446227,6,0,0
134,51,0.642751914,0.130365024,0,low,smb,0.27962217,9,0,0
121,386,0.536298366,0.349873091,1,low,rdp,0.590007403,13,0,0
177,210,0.274736251,0.791159687,7,low,api,0.282061678,4,0,0
168,126,0.479771358,0.626364344,6,medium,smb,0.112071051,10,0,0
83,492,0.745738315,0.445401078,9,low,api,0.567585815,6,0,0
193,448,0.205271675,0.091833308,8,low,smb,0.353348671,19,1,0
197,458,0.292905747,0.619149659,1,low,ssh,0.583219268,17,1,0
27,69,0.346110987,0.163709653,7,low,smb,0.558678477,10,0,0
80,265,0.746726437,0.076586344,5,medium,api,0.542256729,19,0,0
134,258,0.8469226,0.663996017,0,low,smb,0.123301122,2,1,1
13,418,0.376388496,0.912059898,3,low,ssh,0.440180774,6,1,1
64,188,0.296620862,0.460593437,1,low,api,0.812003939,3,0,0
190,230,0.889446758,0.040995911,6,medium,api,0.315143496,18,0,0
147,189,0.999364932,0.880297717,8,low,api,0.443831505,17,0,1
80,415,0.67035364,0.066973766,5,medium,rdp,0.49383159,10,0,0
123,10,0.989980615,0.867513243,3,low,api,0.862731313,13,0,1
43,114,0.659966278,0.391819373,4,low,rdp,0.655599769,9,0,0
89,76,0.733460272,0.365394539,0,medium,ssh,0.100202535,13,1,0
148,164,0.388656002,0.542797379,3,medium,api,0.865170986,3,0,0
95,85,0.432967547,0.957084817,9,medium,api,0.832065975,11,0,1
196,49,0.144135664,0.898740545,2,low,api,0.753645981,11,0,0
172,495,0.822750015,0.470330088,8,low,ssh,0.466058018,1,0,0
151,326,0.931059031,0.695823231,5,low,rdp,0.757545383,5,0,1
2,496,0.623438134,0.580429252,3,medium,smb,0.478742063,4,0,0
120,177,0.343647308,0.693461579,2,medium,ssh,0.736623534,18,0,0
22,387,0.154016325,0.82932746,3,low,ssh,0.880110165,14,0,0
115,458,0.26515623,0.034493829,7,medium,ssh,0.890541585,9,0,0
57,389,0.255410421,0.325759854,4,medium,rdp,0.454578574,6,0,0
72,494,0.613527884,0.959329108,0,low,rdp,0.859342679,18,0,1
7,218,0.945037465,0.949336309,4,high,rdp,0.101457381,7,0,1
184,189,0.048271887,0.01122089,7,medium,rdp,0.101819417,14,0,0
119,469,0.0010223,0.20144013,3,low,rdp,0.548266947,3,0,0
195,493,0.600181944,0.993770042,1,high,api,0.651844618,12,1,1
114,346,0.284060462,0.492825076,2,low,smb,0.152993776,4,0,0
16,230,0.880548342,0.572866004,8,medium,smb,0.472180045,10,0,1
83,255,0.327250308,0.166420186,6,medium,rdp,0.094362668,15,1,0
179,236,0.289737601,0.894335609,2,low,rdp,0.602099486,19,1,1
72,26,0.269510621,0.2312643,4,low,api,0.855094037,17,0,0
124,72,0.144852827,0.18964763,2,high,rdp,0.737638976,14,1,0
113,261,0.581530474,0.228122403,9,low,api,0.378291552,0,0,0
12,254,0.168213602,0.919621703,3,low,api,0.993793797,7,0,0
126,271,0.42463116,0.702846707,7,low,ssh,0.662934976,3,0,0
53,123,0.460972052,0.768596394,2,high,ssh,0.815248434,8,0,0
75,144,0.020492047,0.377036358,2,high,rdp,0.669697387,18,0,0
133,257,0.01680728,0.909177015,7,low,api,0.989416291,6,1,1
27,144,0.520212689,0.789407952,9,high,rdp,0.821359767,14,0,1
140,421,0.696034732,0.750597363,9,low,ssh,0.519423218,2,1,1
145,259,0.942142482,0.970940284,6,high,ssh,0.366879563,11,0,1
134,436,0.179119284,0.366196831,6,medium,ssh,0.682154829,1,0,0
97,47,0.103258809,0.610973647,9,low,ssh,0.590221809,18,0,0
5,351,0.052087907,0.909929699,1,low,ssh,0.629350591,6,0,0
57,13,0.436041583,0.790888943,6,low,rdp,0.343011766,10,0,0
156,376,0.623147367,0.563378958,9,low,rdp,0.428728421,18,0,1
78,208,0.840553357,0.076213685,9,medium,ssh,0.558096575,7,0,0
69,311,0.682644882,0.65272344,2,low,rdp,0.839283402,12,0,1
118,235,0.208360789,0.526555557,6,high,ssh,0.762908918,8,0,0
120,149,0.461770366,0.184180461,3,medium,ssh,0.118655871,1,0,0
59,322,0.910346346,0.882253123,7,medium,ssh,0.24555425,17,0,1
33,438,0.326741062,0.343248595,7,low,rdp,0.026657725,14,0,0
62,155,0.498730365,0.387479894,5,high,rdp,0.007960568,10,0,0
50,166,0.958565335,0.672401549,2,medium,api,0.224375469,14,1,1
112,90,0.734708006,0.488798742,5,high,rdp,0.799320948,17,0,1
19,186,0.747740386,0.089281076,5,high,rdp,0.904747658,13,0,0
197,318,0.252334004,0.387441617,2,low,smb,0.391768366,18,0,0
123,358,0.414698118,0.094466118,3,low,ssh,0.563198597,12,0,0
194,174,0.082342163,0.190750403,1,medium,ssh,0.706052602,15,0,0
47,217,0.606525867,0.007174438,0,high,rdp,0.952936699,1,0,0
167,395,0.103730165,0.181313081,1,medium,rdp,0.912932237,1,0,0
196,456,0.835909582,0.330447354,6,low,api,0.057192303,16,0,0
33,264,0.814553787,0.538218434,9,medium,smb,0.248165843,19,0,1
141,97,0.533605101,0.919277211,4,low,ssh,0.049144544,17,0,1
84,117,0.141166033,0.540326867,8,low,ssh,0.616542421,9,0,0
182,199,0.025578983,0.705603541,2,low,rdp,0.710493316,11,1,0
135,320,0.796708668,0.357677091,1,low,rdp,0.308283412,2,0,0
79,486,0.600140483,0.751630794,3,low,smb,0.853851908,5,0,0
14,21,0.710929637,0.620468746,1,high,ssh,0.45281275,19,0,0
147,200,0.303807126,0.459794013,6,medium,smb,0.998381515,4,0,0
128,371,0.509482738,0.193768795,9,high,ssh,0.000399693,7,0,0
54,447,0.747174171,0.303540908,5,medium,rdp,0.109489708,17,0,0
148,341,0.462563308,0.620946087,7,low,smb,0.301793243,15,0,0
29,448,0.601384223,0.426056324,4,medium,api,0.025507598,13,0,0
24,248,0.789728262,0.889386557,1,high,rdp,0.782339458,5,0,1
82,276,0.215220645,0.234840272,3,high,api,0.052771788,10,1,0
63,264,0.065928889,0.073072652,0,medium,api,0.748979633,5,0,0
105,58,0.531823511,0.589348577,1,low,api,0.052568459,4,1,0
57,302,0.062125771,0.88605084,3,low,ssh,0.252727265,14,0,0
136,31,0.766557294,0.364739029,5,low,api,0.841276816,5,1,1
62,498,0.719211448,0.647711335,3,high,ssh,0.951095294,15,0,1
157,249,0.881712671,0.231412622,3,low,smb,0.414526343,17,0,0
17,93,0.639562098,0.558471922,9,high,rdp,0.969938964,0,0,0
66,496,0.067197571,0.786792101,9,low,ssh,0.626880924,2,1,0
6,265,0.253152125,0.867031599,1,medium,ssh,0.415835122,19,0,0
58,271,0.807931845,0.10511913,8,low,smb,0.802801344,2,0,0
69,94,0.167132417,0.356374516,9,low,smb,0.29532852,6,1,0
156,154,0.698480468,0.639644442,7,low,rdp,0.265796261,13,0,1
62,394,0.780259331,0.034722868,7,medium,smb,0.656547677,17,0,0
169,285,0.330111798,0.6906152,4,low,ssh,0.390487362,14,0,0
197,80,0.322297473,0.528033883,2,medium,rdp,0.135918027,12,0,0
82,292,0.557802681,0.288566279,5,low,rdp,0.066964235,18,0,0
169,84,0.861286333,0.814654451,8,medium,rdp,0.787842576,1,0,1
177,365,0.223906202,0.290050712,7,low,api,0.675910732,6,1,0
177,374,0.941258196,0.991415046,6,medium,api,0.411798225,12,0,1
71,37,0.599118685,0.816370189,7,low,ssh,0.896227635,3,1,1
131,342,0.992126471,0.707980501,3,medium,api,0.410856752,5,0,1
10,327,0.089613724,0.061347558,5,low,smb,0.710295471,17,0,0
98,407,0.126562137,0.904310372,4,medium,rdp,0.909115275,18,0,0
89,425,0.826641804,0.790055306,1,high,ssh,0.840715459,14,0,1
35,232,0.864755896,0.229025079,7,low,smb,0.511104776,2,0,0
2,93,0.445458688,0.392248181,2,low,rdp,0.680636392,19,0,0
124,336,0.714071176,0.268631552,4,medium,smb,0.413665777,16,0,0
24,102,0.867557287,0.984416034,7,medium,api,0.647197172,15,0,1
74,412,0.043127788,0.854196445,8,low,smb,0.257552438,12,0,0
166,432,0.573950423,0.930225303,8,low,api,0.434742114,19,0,1
22,166,0.853480667,0.788774236,4,low,smb,0.209545738,7,0,1
154,159,0.398154945,0.456348241,1,low,ssh,0.038184953,13,0,0
171,14,0.302383606,0.20543425,6,low,api,0.588539851,3,1,0
183,373,0.795706685,0.208080157,6,medium,api,0.864429345,6,0,0
39,225,0.335786584,0.151682848,7,low,rdp,0.025578275,9,1,0
157,73,0.003174298,0.54664955,7,medium,api,0.196029741,14,0,0
20,249,0.959572588,0.919966523,4,high,rdp,0.460185059,15,1,1
41,91,0.592123236,0.99179807,0,low,api,0.665896817,7,0,1
182,216,0.819517919,0.2872998,3,medium,api,0.171229194,1,0,0
148,461,0.825301562,0.69731454,3,high,api,0.056694829,16,0,1
108,90,0.06641042,0.597098016,2,low,api,0.519048718,5,1,0
147,29,0.170860199,0.488936117,7,low,rdp,0.818709713,15,0,0
84,435,0.311120681,0.665768644,2,high,ssh,0.035234909,1,0,0
111,305,0.320699285,0.371363019,4,high,smb,0.34936945,17,0,0
66,427,0.658786118,0.944484775,1,low,api,0.663514743,10,0,1
158,476,0.623132921,0.705448868,5,low,api,0.130742006,11,0,0
53,220,0.494589778,0.754201092,5,low,ssh,0.235946777,4,0,0
34,328,0.211263732,0.242422095,7,low,rdp,0.535492644,1,0,0
150,215,0.38198347,0.168582003,7,low,smb,0.953231696,17,0,0
67,221,0.543593968,0.394340793,0,medium,ssh,0.287342618,5,0,0
134,389,0.467985366,0.766672485,4,high,ssh,0.487527421,0,0,0
27,42,0.127292533,0.93879591,1,low,ssh,0.399930863,8,0,0
10,135,0.649510494,0.427329826,9,medium,ssh,0.897396672,14,0,1
73,42,0.073051777,0.774156792,4,low,api,0.071889864,7,0,0
96,164,0.378194683,0.470407619,9,low,smb,0.566147591,13,0,0
48,361,0.710029348,0.29522825,8,low,api,0.846119699,3,0,0
70,283,0.020023535,0.739265151,3,low,ssh,0.988117577,6,0,0
187,58,0.569982819,0.798202134,7,low,smb,0.698725498,19,0,1
100,302,0.334520974,0.202840794,0,high,ssh,0.379935476,7,0,0
59,322,0.008831843,0.305169502,7,low,rdp,0.411824353,9,0,0
2,25,0.190383271,0.494776843,5,medium,ssh,0.35168222,17,0,0
157,73,0.940946193,0.18652183,7,low,ssh,0.6036131,17,0,1
196,373,0.521148906,0.928834299,5,low,rdp,0.739405771,18,0,1
65,411,0.997227205,0.591333913,2,medium,api,0.819467564,3,0,1
83,129,0.52481675,0.121203277,7,medium,smb,0.41659311,12,0,0
154,87,0.543936412,0.184029865,4,low,ssh,0.716708502,5,0,0
10,330,0.391843013,0.954355345,9,medium,ssh,0.916222592,12,0,1
53,426,0.310040419,0.738168586,4,high,rdp,0.920824794,15,0,0
79,436,0.251545553,0.734405085,6,medium,smb,0.704029003,19,0,0
59,153,0.343420616,0.072498594,5,low,rdp,0.636902193,9,0,0
150,182,0.459851081,0.895298838,8,medium,ssh,0.531526076,8,0,1
179,125,0.19199195,0.443735363,6,low,api,0.183197668,6,0,0
48,67,0.224875092,0.659717323,2,medium,api,0.123629653,16,0,0
149,6,0.271544769,0.959689219,4,low,smb,0.485711007,19,0,1
123,125,0.449259892,0.10001238,8,low,ssh,0.159444156,6,0,0
22,314,0.652813367,0.482276459,9,medium,rdp,0.576999926,1,0,0
100,326,0.85614615,0.049612737,1,low,ssh,0.64570273,18,0,0
98,53,0.287131837,0.499545423,0,low,rdp,0.525615598,0,1,0
158,66,0.18372834,0.25225941,7,high,rdp,0.036426713,1,0,0
25,314,0.378847465,0.911065529,7,high,smb,0.057727959,4,0,0
28,82,0.894383076,0.398492494,1,low,rdp,0.113341185,17,0,0
193,87,0.009860728,0.633872446,7,low,smb,0.153645805,5,0,0
113,2,0.677868616,0.860287265,4,low,api,0.989882614,5,1,1
45,204,0.477160046,0.983691858,1,low,smb,0.344495017,15,0,1
68,150,0.161046215,0.50381937,6,high,smb,0.291973374,15,0,0
7,293,0.321021526,0.455757703,6,medium,smb,0.052266636,2,1,0
49,404,0.224950044,0.075739645,2,low,api,0.635320391,2,0,0
137,103,0.877832168,0.012738943,0,low,smb,0.652190785,3,0,0
164,24,0.481873384,0.608802092,3,medium,rdp,0.17544869,5,0,0
83,368,0.563094278,0.065464352,1,medium,rdp,0.919241541,2,0,0
129,212,0.593687619,0.380378937,3,medium,smb,0.800493547,8,0,0
138,65,0.639617125,0.003606436,7,low,rdp,0.230319317,2,0,0
164,449,0.49555569,0.615227499,1,low,smb,0.485849731,5,0,0
73,209,0.017873531,0.42541516,0,low,api,0.458390856,19,0,0
46,251,0.334722687,0.12702077,2,low,rdp,0.348520444,8,0,0
106,385,0.183873241,0.296367607,9,low,smb,0.817634713,14,0,0
160,117,0.680142843,0.569660699,6,medium,ssh,0.109264486,8,1,1
32,116,0.056704651,0.656713368,5,low,api,0.41531424,4,0,0
6,237,0.563803391,0.46233588,5,high,ssh,0.428031131,15,0,0
176,478,0.210631722,0.803959116,6,low,smb,0.468725605,2,1,0
166,105,0.948845838,0.112440412,7,low,rdp,0.861349991,8,0,0
145,495,0.335540942,0.084545723,2,low,smb,0.21816687,16,0,0
74,259,0.325221191,0.044244269,2,low,rdp,0.102923174,2,0,0
114,46,0.923384668,0.535827839,9,high,smb,0.617808463,6,0,1
27,311,0.41734792,0.706231704,7,low,smb,0.173834475,6,0,0
54,331,0.962862334,0.130521399,6,low,rdp,0.074932086,5,1,0
178,216,0.024170352,0.638945622,9,high,rdp,0.426649221,19,0,0
163,470,0.306344575,0.476947766,4,low,smb,0.219646431,7,0,0
85,448,0.66619296,0.9873445,3,low,ssh,0.361216619,3,0,1
127,492,0.890856965,0.717473609,5,low,api,0.25971108,14,0,1
153,301,0.256405593,0.657473335,8,low,ssh,0.092636463,5,0,0
156,410,0.930477592,0.570449735,5,low,ssh,0.560347203,15,1,1
111,333,0.594121466,0.997366182,7,low,ssh,0.027018418,4,0,1
15,449,0.801008243,0.980459171,0,medium,ssh,0.966375348,11,0,1
132,24,0.397207304,0.538115125,5,high,rdp,0.341330522,13,0,0
93,458,0.212180383,0.455183347,1,low,ssh,0.69515751,5,0,0
123,35,0.911235415,0.462114923,2,low,api,0.810362873,2,0,0
73,24,0.933135868,0.42834239,5,low,rdp,0.279104796,18,0,1
155,28,0.497575144,0.531398307,1,medium,ssh,0.748738709,9,0,0
154,484,0.006495016,0.273584268,3,low,rdp,0.832420855,6,0,0
147,464,0.109782954,0.926788783,5,medium,ssh,0.241317234,12,0,0
92,488,0.57302796,0.490230081,4,medium,ssh,0.992494677,0,0,0
17,16,0.023776702,0.842007812,5,low,api,0.020688683,0,0,0
43,59,0.396911924,0.475303675,5,medium,rdp,0.21700048,16,0,0
121,465,0.303369946,0.718290274,7,low,rdp,0.780020756,3,0,0
41,243,0.714348275,0.336881964,8,low,smb,0.194131025,13,0,0
170,438,0.055578673,0.624806858,4,low,ssh,0.698259863,5,0,0
178,207,0.488731269,0.498371445,5,low,ssh,0.855530405,13,0,0
168,400,0.57911427,0.367114257,5,medium,api,0.959214273,14,0,0
39,271,0.617291076,0.881556261,5,medium,api,0.474247515,0,0,0
113,249,0.405157672,0.112711683,1,low,rdp,0.971109123,19,0,0
151,482,0.304367783,0.486923148,3,high,api,0.411622297,15,0,0
111,267,0.682493034,0.194369073,0,low,rdp,0.21812804,3,0,0
180,193,0.847569048,0.861055091,0,low,ssh,0.513921853,1,0,1
47,335,0.693617638,0.253469345,0,low,ssh,0.649823244,0,0,0
63,218,0.932102365,0.63343034,6,medium,rdp,0.457963316,12,1,1
110,115,0.717263525,0.165563515,0,high,api,0.566972444,15,0,0
69,68,0.764618734,0.404913669,5,medium,api,0.416409188,7,1,1
43,299,0.167903197,0.899357196,1,high,rdp,0.524761954,3,0,0
176,325,0.419539645,0.166064444,5,low,ssh,0.952595672,1,1,0
34,483,0.485055331,0.663195825,5,low,rdp,0.499831153,12,0,0
40,397,0.256293162,0.204510371,2,low,api,0.253179633,4,0,0
61,394,0.52853986,0.415749053,7,medium,rdp,0.758746622,19,0,0
178,75,0.290791944,0.540616884,3,low,ssh,0.337584458,12,0,0
195,466,0.687502093,0.577306418,6,high,smb,0.816207171,4,0,0
62,482,0.470288477,0.602511338,3,low,rdp,0.056841989,15,0,0
58,103,0.458806954,0.640131415,0,low,smb,0.332177977,5,0,0
161,297,0.983642531,0.271768698,5,low,rdp,0.094359908,15,0,0
75,490,0.392444849,0.401367486,4,medium,api,0.085317824,12,0,0
16,178,0.362295433,0.037318664,8,low,api,0.658389559,10,0,0
82,215,0.318604371,0.768756977,8,low,smb,0.385334801,0,0,0
94,455,0.894749221,0.837099502,7,low,rdp,0.871478942,3,0,1
48,315,0.496723826,0.199236763,6,medium,api,0.516405138,2,0,0
138,39,0.600014477,0.201443965,1,medium,smb,0.295343221,17,0,0
82,259,0.180818479,0.042036402,7,medium,smb,0.720888888,15,0,0
38,204,0.54094236,0.970383823,2,low,rdp,0.624016792,12,0,1
127,7,0.274648193,0.807186568,5,high,api,0.799594621,12,0,0
19,49,0.730636921,0.360703203,9,medium,smb,0.643588276,6,0,0
164,26,0.832528349,0.481908271,6,low,ssh,0.167013417,14,0,0
187,161,0.714810692,0.291966961,5,low,ssh,0.670310038,14,1,1
63,357,0.730244166,0.597243968,4,low,api,0.391549198,4,1,1
77,176,0.512474704,0.717308412,3,low,api,0.46314303,16,0,0
174,79,0.712118056,0.447368478,1,high,ssh,0.921564576,10,1,1
131,2,0.422686936,0.873594193,8,medium,smb,0.359964046,12,0,1
102,489,0.651489154,0.517025862,6,high,rdp,0.611959143,9,0,0
65,383,0.25903921,0.144253269,6,low,smb,0.363481733,14,0,0
120,455,0.069757012,0.622291376,3,medium,api,0.094727485,1,0,0
91,416,0.413473264,0.462230966,4,low,api,0.453525342,10,1,0
8,132,0.461778156,0.935671863,5,low,rdp,0.597061504,10,0,1
179,276,0.256407158,0.391893921,1,medium,smb,0.407503292,0,0,0
73,498,0.727709518,0.402865739,3,low,rdp,0.390666185,7,0,0
134,117,0.073550479,0.65077339,3,medium,smb,0.820378514,16,1,0
107,164,0.222748324,0.526986218,3,medium,smb,0.029685172,7,0,0
89,288,0.748564718,0.374449878,6,medium,ssh,0.295585397,12,0,0
39,28,0.437124274,0.989774416,6,low,smb,0.811757265,4,0,1
113,333,0.705283624,0.30218551,6,medium,api,0.920530149,5,1,1
188,1,0.567485878,0.277528792,6,high,api,0.412299586,19,0,0
28,188,0.95071275,0.864427629,1,high,api,0.888794243,13,0,1
97,56,0.597795833,0.003372944,4,medium,ssh,0.198930122,16,0,0
182,35,0.014868974,0.201253161,9,medium,rdp,0.221427068,15,0,0
37,112,0.352877351,0.590446688,1,low,api,0.846191377,8,0,0
137,286,0.143060682,0.162450528,4,medium,api,0.903257741,18,0,0
82,310,0.924633678,0.985803923,5,medium,rdp,0.222805768,1,0,1
56,36,0.104012454,0.464195622,2,medium,ssh,0.05932419,3,0,0
187,439,0.387706663,0.597364075,5,medium,smb,0.090324137,19,0,0
85,217,0.226099194,0.160373465,4,low,rdp,0.261380835,8,0,0
2,80,0.84672199,0.289378101,3,low,smb,0.761449077,3,0,0
189,314,0.308566498,0.614624783,9,medium,smb,0.509991828,4,0,0
58,83,0.991893483,0.549553373,8,low,smb,0.455588842,5,1,1
107,65,0.038616606,0.784363945,7,low,rdp,0.584139931,19,0,0
123,325,0.128276772,0.269233179,6,low,rdp,0.890223113,0,0,0
188,128,0.224638776,0.653542147,0,low,smb,0.09043038,12,0,0
168,307,0.81110604,0.290975506,8,medium,ssh,0.694724128,17,0,1
164,22,0.878517209,0.58675262,8,low,ssh,0.926790846,2,0,1
114,216,0.071451381,0.605030968,5,low,ssh,0.213350042,19,0,0
107,107,0.032460142,0.121839111,6,low,api,0.837772316,4,1,0
37,109,0.744556857,0.548633111,2,low,smb,0.698024711,12,0,0
79,372,0.133352007,0.0119383,4,low,api,0.014468536,9,0,0
92,357,0.132998587,0.501210751,6,low,ssh,0.23161168,2,0,0
18,181,0.022366534,0.697521889,0,high,rdp,0.605844761,10,1,0
98,356,0.049807878,0.072832729,0,low,ssh,0.502400339,0,0,0
63,164,0.263675459,0.938710816,4,medium,api,0.527936253,14,0,0
150,68,0.065005489,0.458755532,8,high,api,0.231930425,3,0,0
139,292,0.368879092,0.938416276,6,high,ssh,0.675003471,14,0,1
186,180,0.832775031,0.107398424,0,low,smb,0.266418371,6,1,0
185,181,0.326320257,0.949902594,4,low,rdp,0.389434966,14,0,0
4,466,0.727834163,0.109197099,7,low,rdp,0.368915916,3,0,0
135,434,0.093909965,0.461495798,7,low,ssh,0.672025022,2,1,0
61,464,0.659375187,0.937992067,1,low,smb,0.090252762,13,0,1
107,169,0.316747183,0.2327082,6,medium,smb,0.205541901,5,0,0
54,402,0.749752879,0.034784981,9,low,ssh,0.200497071,0,0,0
88,22,0.136252014,0.793110675,4,low,rdp,0.108424674,8,0,0
68,66,0.897883378,0.595883638,8,low,rdp,0.207594979,11,0,1
129,21,0.242577203,0.513921193,2,high,rdp,0.607060268,17,0,0
55,100,0.353137793,0.034343384,0,medium,smb,0.732168171,2,0,0
3,384,0.950180711,0.653231269,3,low,ssh,0.660303447,18,0,1
166,300,0.57848236,0.171623352,6,low,smb,0.475188138,2,1,0
121,103,0.365771519,0.93119668,0,low,rdp,0.052434571,13,0,0
129,47,0.949602147,0.685726951,1,medium,smb,0.959007011,3,0,1
102,39,0.329077417,0.707033888,4,medium,rdp,0.168076461,12,0,0
38,285,0.094870713,0.232580273,8,medium,ssh,0.66842137,12,0,0
85,310,0.996848888,0.880753838,0,low,rdp,0.912890615,1,0,1
157,90,0.267844921,0.537732571,3,medium,api,0.697777096,1,1,0
133,85,0.851257849,0.857084178,2,medium,api,0.21804964,9,0,1
92,273,0.165540795,0.270947475,4,high,ssh,0.315796299,10,0,0
21,336,0.731353972,0.755461713,4,medium,smb,0.030205867,14,1,1
199,188,0.524449394,0.574566904,9,low,smb,0.612758241,2,0,0
195,159,0.980906558,0.048419306,1,low,smb,0.612992981,13,0,0
109,243,0.552830356,0.405342324,4,low,rdp,0.725500581,17,1,1
47,73,0.025015152,0.183910465,8,medium,api,0.010996289,18,0,0
84,479,0.60387799,0.359173588,4,medium,ssh,0.817841289,18,1,1
83,462,0.145316456,0.383351634,9,low,smb,0.738710957,0,0,0
35,49,0.798540915,0.474928353,1,low,smb,0.14088661,18,0,0
196,101,0.856568196,0.600290443,6,low,ssh,0.347626609,2,0,0
69,2,0.482093519,0.570977652,5,high,rdp,0.638524893,19,0,0
129,244,0.783221457,0.038991405,6,low,smb,0.495796875,7,0,0
196,176,0.145110735,0.750689218,7,low,rdp,0.115094264,16,1,0
140,238,0.492078187,0.949183884,9,low,rdp,0.087345375,0,0,0
188,398,0.393944265,0.348681289,4,low,rdp,0.781456299,5,0,0
27,59,0.611317387,0.179746901,1,medium,smb,0.155967118,16,0,0
56,353,0.044477189,0.540001563,6,high,smb,0.172092674,0,0,0
23,99,0.752122838,0.704912928,6,low,ssh,0.830923125,12,0,1
153,442,0.079129289,0.678904895,7,medium,ssh,0.612139635,11,0,0
21,359,0.656471518,0.612109578,6,low,rdp,0.604715608,4,1,1
61,442,0.018457226,0.146232252,9,high,smb,0.479345771,19,1,0
63,495,0.831888064,0.836824894,6,low,rdp,0.568995014,12,0,1
122,435,0.17469963,0.425621562,8,low,ssh,0.60176969,7,0,0
52,468,0.515497476,0.221468583,7,low,rdp,0.967826235,11,0,0
88,2,0.261492904,0.086266141,1,low,api,0.222973307,8,0,0
153,243,0.722647202,0.416719115,1,low,rdp,0.21456242,16,1,1
55,297,0.3213511,0.617973047,6,medium,smb,0.057218488,13,0,0
46,211,0.724609194,0.665377709,9,medium,rdp,0.658198799,6,1,1
